ETFs/ETCs,Ticker,Exchange,Trading Currency,Base Currency,ISIN,WKN,Valoren,SEDOL,SFDR Classification,"AUM (Base) (as of 
2022-08-12)","NAV (as of 
2022-08-12)",TER,Product Type,UCITS,Registrations,,,,,,,,,,,,,,,,,,,,,,,
The Royal Mint Responsibly Sourced Physical Gold ETC,RMAU LN,LSE,USD,USD,XS2115336336,A279KU,52686486,BKT7175,,"615,963,300",17.8237,0.22%,ETC,N,"AT,BE,DK,FI,FR,DE,IE,IT,LU,NL,NO,ES,SE,GB",,,,,,,,,,,,,,,,,,,,,,,
The Royal Mint Responsibly Sourced Physical Gold ETC,RM8U GY,Xetra,EUR,USD,XS2115336336,A279KU,52686486,BKT71G4,,"615,963,300",17.8237,0.22%,ETC,N,"AT,BE,DK,FI,FR,DE,IE,IT,LU,NL,NO,ES,SE,GB",,,,,,,,,,,,,,,,,,,,,,,
The Royal Mint Responsibly Sourced Physical Gold ETC,RMAP LN,LSE,GBp,USD,XS2115336336,A279KU,52686486,BKT7197,,"615,963,300",17.8237,0.22%,ETC,N,"AT,BE,DK,FI,FR,DE,IE,IT,LU,NL,NO,ES,SE,GB",,,,,,,,,,,,,,,,,,,,,,,
The Royal Mint Responsibly Sourced Physical Gold ETC,RMAU FP,Paris,EUR,USD,XS2115336336,A279KU,52686486,BNBPP98,,"615,963,300",17.8237,0.22%,ETC,N,"AT,BE,DK,FI,FR,DE,IE,IT,LU,NL,NO,ES,SE,GB",,,,,,,,,,,,,,,,,,,,,,,
The Royal Mint Responsibly Sourced Physical Gold ETC,RMAU IM,Borsa Italiana,EUR,USD,XS2115336336,A279KU,52686486,BKT71B9,,"615,963,300",17.8237,0.22%,ETC,N,"AT,BE,DK,FI,FR,DE,IE,IT,LU,NL,NO,ES,SE,GB",,,,,,,,,,,,,,,,,,,,,,,
BTCetc – ETC Group Physical Bitcoin,BTCE FP,Amsterdam,EUR,USD,DE000A27Z304,A27Z30,55503260,BN0ZB02,,"398,036,979",23.1123,2.00%,ETC,N,"AT,CZ,DK,FI,FR,DE,IE,IT,LU,NL,NO,PL,ES,SE,CH,HR,EE,GR,PT,SK,SI,GB",,,,,,,,,,,,,,,,,,,,,,,
BTCetc – ETC Group Physical Bitcoin,BTCF GY,Xetra,USD,USD,DE000A27Z304,A27Z30,55503260,BMFCDV6,,"398,036,979",23.1123,2.00%,ETC,N,"AT,CZ,DK,FI,FR,DE,IE,IT,LU,NL,NO,PL,ES,SE,CH,HR,EE,GR,PT,SK,SI,GB",,,,,,,,,,,,,,,,,,,,,,,
BTCetc – ETC Group Physical Bitcoin,BTCE SE,SIX,USD,USD,DE000A27Z304,A27Z30,55503260,BNLYQL4,,"398,036,979",23.1123,2.00%,ETC,N,"AT,CZ,DK,FI,FR,DE,IE,IT,LU,NL,NO,PL,ES,SE,CH,HR,EE,GR,PT,SK,SI,GB",,,,,,,,,,,,,,,,,,,,,,,
BTCetc – ETC Group Physical Bitcoin,BTCE NA,Paris,USD,USD,DE000A27Z304,A27Z30,55503260,BN0ZB13,,"398,036,979",23.1123,2.00%,ETC,N,"AT,CZ,DK,FI,FR,DE,IE,IT,LU,NL,NO,PL,ES,SE,CH,HR,EE,GR,PT,SK,SI,GB",,,,,,,,,,,,,,,,,,,,,,,
BTCetc – ETC Group Physical Bitcoin,BTCEGZ QX,Aquis Uk,GBp,USD,DE000A27Z304,A27Z30,55503260,BLB3S66,,"398,036,979",23.1123,2.00%,ETC,N,"AT,CZ,DK,FI,FR,DE,IE,IT,LU,NL,NO,PL,ES,SE,CH,HR,EE,GR,PT,SK,SI,GB",,,,,,,,,,,,,,,,,,,,,,,
BTCetc – ETC Group Physical Bitcoin,BTCE GY,Xetra,EUR,USD,DE000A27Z304,A27Z30,55503260,BMWSLR9,,"398,036,979",23.1123,2.00%,ETC,N,"AT,CZ,DK,FI,FR,DE,IE,IT,LU,NL,NO,PL,ES,SE,CH,HR,EE,GR,PT,SK,SI,GB",,,,,,,,,,,,,,,,,,,,,,,
BTCetc – ETC Group Physical Bitcoin,BTCEGBp SE,SIX,GBp,USD,DE000A27Z304,A27Z30,55503260,BLB3S66,,"398,036,979",23.1123,2.00%,ETC,N,"AT,CZ,DK,FI,FR,DE,IE,IT,LU,NL,NO,PL,ES,SE,CH,HR,EE,GR,PT,SK,SI,GB",,,,,,,,,,,,,,,,,,,,,,,
BTCetc – ETC Group Physical Bitcoin,BTCED QX,Aquis Uk,USD,USD,DE000A27Z304,A27Z30,55503260,,,"398,036,979",23.1123,2.00%,ETC,N,"AT,CZ,DK,FI,FR,DE,IE,IT,LU,NL,NO,PL,ES,SE,CH,HR,EE,GR,PT,SK,SI,GB",,,,,,,,,,,,,,,,,,,,,,,
BTCetc – ETC Group Physical Bitcoin,BTCED QE,Aquis Amsterdam,EUR,USD,DE000A27Z304,A27Z30,55503260,,,"398,036,979",23.1123,2.00%,ETC,N,"AT,CZ,DK,FI,FR,DE,IE,IT,LU,NL,NO,PL,ES,SE,CH,HR,EE,GR,PT,SK,SI,GB",,,,,,,,,,,,,,,,,,,,,,,
BTCetc – ETC Group Physical Bitcoin,BTCECHF SE,SIX,CHF,USD,DE000A27Z304,A27Z30,55503260,BLB3S77,,"398,036,979",23.1123,2.00%,ETC,N,"AT,CZ,DK,FI,FR,DE,IE,IT,LU,NL,NO,PL,ES,SE,CH,HR,EE,GR,PT,SK,SI,GB",,,,,,,,,,,,,,,,,,,,,,,
BTCetc – ETC Group Physical Bitcoin,BTCE AV,Wiener Borse,EUR,USD,DE000A27Z304,A27Z30,55503260,BN4RH62,,"398,036,979",23.1123,2.00%,ETC,N,"AT,CZ,DK,FI,FR,DE,IE,IT,LU,NL,NO,PL,ES,SE,CH,HR,EE,GR,PT,SK,SI,GB",,,,,,,,,,,,,,,,,,,,,,,
BTCetc – ETC Group Physical Bitcoin,BTCECZ QX,Aquis Uk,EUR,USD,DE000A27Z304,A27Z30,55503260,BLB3S77,,"398,036,979",23.1123,2.00%,ETC,N,"AT,CZ,DK,FI,FR,DE,IE,IT,LU,NL,NO,PL,ES,SE,CH,HR,EE,GR,PT,SK,SI,GB",,,,,,,,,,,,,,,,,,,,,,,
EMQQ Emerging Markets Internet  Ecommerce UCITS ETF  - Accumulating,EMQP LN,LSE,GBp,USD,IE00BFYN8Y92,A2JR0G,43753877,BYVJ9P1,Article 6,"222,438,041",8.9548,0.86%,ETF,Y,"AT,DK,FI,FR,DE,IE,IT,LU,NL,NO,SE,CH,GB",,,,,,,,,,,,,,,,,,,,,,,
EMQQ Emerging Markets Internet  Ecommerce UCITS ETF  - Accumulating,EMQQ LN,LSE,USD,USD,IE00BFYN8Y92,A2JR0G,43753877,BYVJ906,Article 6,"222,438,041",8.9548,0.86%,ETF,Y,"AT,DK,FI,FR,DE,IE,IT,LU,NL,NO,SE,CH,GB",,,,,,,,,,,,,,,,,,,,,,,
EMQQ Emerging Markets Internet  Ecommerce UCITS ETF  - Accumulating,EMQQ GY,Xetra,EUR,USD,IE00BFYN8Y92,A2JR0G,43753877,BFX38K6,Article 6,"222,438,041",8.9548,0.86%,ETF,Y,"AT,DK,FI,FR,DE,IE,IT,LU,NL,NO,SE,CH,GB",,,,,,,,,,,,,,,,,,,,,,,
EMQQ Emerging Markets Internet  Ecommerce UCITS ETF  - Accumulating,EMQQ IM,Borsa Italiana,EUR,USD,IE00BFYN8Y92,A2JR0G,43753877,BFX1CD1,Article 6,"222,438,041",8.9548,0.86%,ETF,Y,"AT,DK,FI,FR,DE,IE,IT,LU,NL,NO,SE,CH,GB",,,,,,,,,,,,,,,,,,,,,,,
EMQQ Emerging Markets Internet  Ecommerce UCITS ETF  - Accumulating,EMQQ FP,Paris,EUR,USD,IE00BFYN8Y92,A2JR0G,43753877,BN470J6,Article 6,"222,438,041",8.9548,0.86%,ETF,Y,"AT,DK,FI,FR,DE,IE,IT,LU,NL,NO,SE,CH,GB",,,,,,,,,,,,,,,,,,,,,,,
EMQQ Emerging Markets Internet  Ecommerce UCITS ETF  - Accumulating,EMQQN MF,BMV,USD,USD,IE00BFYN8Y92,A2JR0G,43753877,BMZQGB9,Article 6,"222,438,041",8.9548,0.86%,ETF,Y,"AT,DK,FI,FR,DE,IE,IT,LU,NL,NO,SE,CH,GB",,,,,,,,,,,,,,,,,,,,,,,
EMQQ Emerging Markets Internet  Ecommerce UCITS ETF  - Accumulating,EMQQ SE,SIX,CHF,USD,IE00BFYN8Y92,A2JR0G,43753877,BMYC3Q2,Article 6,"222,438,041",8.9548,0.86%,ETF,Y,"AT,DK,FI,FR,DE,IE,IT,LU,NL,NO,SE,CH,GB",,,,,,,,,,,,,,,,,,,,,,,
SparkChange Physical Carbon EUA ETC,CO2 LN,LSE,EUR,EUR,XS2353177293,A3GSS6,114436114,BNLYQ70,,"89,641,700",87.8930,0.89%,ETC,N,"AT,BE,DK,FI,FR,DE,IT,LU,NL,NO,PL,ES,SE,GB",,,,,,,,,,,,,,,,,,,,,,,
SparkChange Physical Carbon EUA ETC,FCO2 GY,Xetra,EUR,EUR,XS2353177293,A3GSS6,114436114,BNLYQL4,,"89,641,700",87.8930,0.89%,ETC,N,"AT,BE,DK,FI,FR,DE,IT,LU,NL,NO,PL,ES,SE,GB",,,,,,,,,,,,,,,,,,,,,,,
SparkChange Physical Carbon EUA ETC,CO2U LN,LSE,USD,EUR,XS2353177293,A3GSS6,114436114,BNLYQH0,,"89,641,700",87.8930,0.89%,ETC,N,"AT,BE,DK,FI,FR,DE,IT,LU,NL,NO,PL,ES,SE,GB",,,,,,,,,,,,,,,,,,,,,,,
SparkChange Physical Carbon EUA ETC,CO2P LN,LSE,GBp,EUR,XS2353177293,A3GSS6,114436114,BNLYQC5,,"89,641,700",87.8930,0.89%,ETC,N,"AT,BE,DK,FI,FR,DE,IT,LU,NL,NO,PL,ES,SE,GB",,,,,,,,,,,,,,,,,,,,,,,
SparkChange Physical Carbon EUA ETC,CO2 IM,Borsa Italiana,EUR,EUR,XS2353177293,A3GSS6,114436114,BNLYQK3,,"89,641,700",87.8930,0.89%,ETC,N,"AT,BE,DK,FI,FR,DE,IT,LU,NL,NO,PL,ES,SE,GB",,,,,,,,,,,,,,,,,,,,,,,
HAN-GINS Tech Megatrend Equal Weight UCITS ETF - Accumulating,ITEK FP,Paris,EUR,USD,IE00BDDRF700,A2JR0J,43915667,BN470L8,Article 8,"88,359,852",11.2704,0.59%,ETF,Y,"AT,DK,FI,FR,DE,IE,IT,LU,NL,NO,SE,CH,GB",,,,,,,,,,,,,,,,,,,,,,,
HAN-GINS Tech Megatrend Equal Weight UCITS ETF - Accumulating,ITEK IM,Borsa Italiana,EUR,USD,IE00BDDRF700,A2JR0J,43915667,BFX1C86,Article 8,"88,359,852",11.2704,0.59%,ETF,Y,"AT,DK,FI,FR,DE,IE,IT,LU,NL,NO,SE,CH,GB",,,,,,,,,,,,,,,,,,,,,,,
HAN-GINS Tech Megatrend Equal Weight UCITS ETF - Accumulating,ITEP LN,LSE,GBp,USD,IE00BDDRF700,A2JR0J,43915667,BYVJ9D9,Article 8,"88,359,852",11.2704,0.59%,ETF,Y,"AT,DK,FI,FR,DE,IE,IT,LU,NL,NO,SE,CH,GB",,,,,,,,,,,,,,,,,,,,,,,
HAN-GINS Tech Megatrend Equal Weight UCITS ETF - Accumulating,ITEK LN,LSE,USD,USD,IE00BDDRF700,A2JR0J,43915667,BYVJ8Y3,Article 8,"88,359,852",11.2704,0.59%,ETF,Y,"AT,DK,FI,FR,DE,IE,IT,LU,NL,NO,SE,CH,GB",,,,,,,,,,,,,,,,,,,,,,,
HAN-GINS Tech Megatrend Equal Weight UCITS ETF - Accumulating,ITEKN MF,BMV,USD,USD,IE00BDDRF700,A2JR0J,43915667,BMZQDL8,Article 8,"88,359,852",11.2704,0.59%,ETF,Y,"AT,DK,FI,FR,DE,IE,IT,LU,NL,NO,SE,CH,GB",,,,,,,,,,,,,,,,,,,,,,,
HAN-GINS Tech Megatrend Equal Weight UCITS ETF - Accumulating,ITEK SE,SIX,CHF,USD,IE00BDDRF700,A2JR0J,43915667,BMYC3T5,Article 8,"88,359,852",11.2704,0.59%,ETF,Y,"AT,DK,FI,FR,DE,IE,IT,LU,NL,NO,SE,CH,GB",,,,,,,,,,,,,,,,,,,,,,,
HAN-GINS Tech Megatrend Equal Weight UCITS ETF - Accumulating,T3KE GY,Xetra,EUR,USD,IE00BDDRF700,A2JR0J,43915667,BFX38M8,Article 8,"88,359,852",11.2704,0.59%,ETF,Y,"AT,DK,FI,FR,DE,IE,IT,LU,NL,NO,SE,CH,GB",,,,,,,,,,,,,,,,,,,,,,,
ETHetc – ETC Group Physical Ethereum,ZETH NA,Amsterdam,USD,USD,DE000A3GMKD7,A3GMKD,110488627,BN0Z9Z3,,"67,953,587",18.8207,1.49%,ETC,N,"AT,CZ,DK,FI,FR,DE,IE,IT,LU,NL,NO,PL,ES,SE,CH",,,,,,,,,,,,,,,,,,,,,,,
ETHetc – ETC Group Physical Ethereum,ZETI GR,Xetra,USD,USD,DE000A3GMKD7,A3GMKD,110488627,BMFCDT4,,"67,953,587",18.8207,1.49%,ETC,N,"AT,CZ,DK,FI,FR,DE,IE,IT,LU,NL,NO,PL,ES,SE,CH",,,,,,,,,,,,,,,,,,,,,,,
ETHetc – ETC Group Physical Ethereum,ZETH SE,SIX,USD,USD,DE000A3GMKD7,A3GMKD,110488627,BN0WR83,,"67,953,587",18.8207,1.49%,ETC,N,"AT,CZ,DK,FI,FR,DE,IE,IT,LU,NL,NO,PL,ES,SE,CH",,,,,,,,,,,,,,,,,,,,,,,
ETHetc – ETC Group Physical Ethereum,ZETH AV,Wiener Borse,EUR,USD,DE000A3GMKD7,A3GMKD,110488627,BN4RH84,,"67,953,587",18.8207,1.49%,ETC,N,"AT,CZ,DK,FI,FR,DE,IE,IT,LU,NL,NO,PL,ES,SE,CH",,,,,,,,,,,,,,,,,,,,,,,
ETHetc – ETC Group Physical Ethereum,ZETHCHF SE,SIX,CHF,USD,DE000A3GMKD7,A3GMKD,110488627,BN0WR94,,"67,953,587",18.8207,1.49%,ETC,N,"AT,CZ,DK,FI,FR,DE,IE,IT,LU,NL,NO,PL,ES,SE,CH",,,,,,,,,,,,,,,,,,,,,,,
ETHetc – ETC Group Physical Ethereum,ZETH FP,Paris,EUR,USD,DE000A3GMKD7,A3GMKD,110488627,BN0Z9Y2,,"67,953,587",18.8207,1.49%,ETC,N,"AT,CZ,DK,FI,FR,DE,IE,IT,LU,NL,NO,PL,ES,SE,CH",,,,,,,,,,,,,,,,,,,,,,,
ETHetc – ETC Group Physical Ethereum,ZETHGBP SE,SIX,EUR,USD,DE000A3GMKD7,A3GMKD,110488627,BN0WRB6,,"67,953,587",18.8207,1.49%,ETC,N,"AT,CZ,DK,FI,FR,DE,IE,IT,LU,NL,NO,PL,ES,SE,CH",,,,,,,,,,,,,,,,,,,,,,,
ETHetc – ETC Group Physical Ethereum,ZETH GY,Xetra,EUR,USD,DE000A3GMKD7,A3GMKD,110488627,BMV2RQ3,,"67,953,587",18.8207,1.49%,ETC,N,"AT,CZ,DK,FI,FR,DE,IE,IT,LU,NL,NO,PL,ES,SE,CH",,,,,,,,,,,,,,,,,,,,,,,
iClima Global Decarbonisation Enablers UCITS ETF - Accumulating,CLMA IM,Borsa Italiana,EUR,USD,IE00BNC1F287,A2QG4B,58802920,BN93X78,Article 9,"56,153,006",8.1499,0.65%,ETF,Y,"AT,DK,FI,FR,DE,IE,IT,LU,NL,NO,SE,CH,GB",,,,,,,,,,,,,,,,,,,,,,,
iClima Global Decarbonisation Enablers UCITS ETF - Accumulating,CLMA LN,LSE,USD,USD,IE00BNC1F287,A2QG4B,58802920,BLF0M50,Article 9,"56,153,006",8.1499,0.65%,ETF,Y,"AT,DK,FI,FR,DE,IE,IT,LU,NL,NO,SE,CH,GB",,,,,,,,,,,,,,,,,,,,,,,
iClima Global Decarbonisation Enablers UCITS ETF - Accumulating,CLMA SE,SIX,CHF,USD,IE00BNC1F287,A2QG4B,58802920,BMC7PD0,Article 9,"56,153,006",8.1499,0.65%,ETF,Y,"AT,DK,FI,FR,DE,IE,IT,LU,NL,NO,SE,CH,GB",,,,,,,,,,,,,,,,,,,,,,,
iClima Global Decarbonisation Enablers UCITS ETF - Accumulating,CLMP LN,LSE,GBp,USD,IE00BNC1F287,A2QG4B,58802920,BLF0M83,Article 9,"56,153,006",8.1499,0.65%,ETF,Y,"AT,DK,FI,FR,DE,IE,IT,LU,NL,NO,SE,CH,GB",,,,,,,,,,,,,,,,,,,,,,,
iClima Global Decarbonisation Enablers UCITS ETF - Accumulating,ECLM GY,Xetra,EUR,USD,IE00BNC1F287,A2QG4B,58802920,BN93X89,Article 9,"56,153,006",8.1499,0.65%,ETF,Y,"AT,DK,FI,FR,DE,IE,IT,LU,NL,NO,SE,CH,GB",,,,,,,,,,,,,,,,,,,,,,,
iClima Global Decarbonisation Enablers UCITS ETF - Accumulating,CLMA FP,Paris,EUR,USD,IE00BNC1F287,A2QG4B,58802920,BN472V2,Article 9,"56,153,006",8.1499,0.65%,ETF,Y,"AT,DK,FI,FR,DE,IE,IT,LU,NL,NO,SE,CH,GB",,,,,,,,,,,,,,,,,,,,,,,
iClima Global Decarbonisation Enablers UCITS ETF - Accumulating,CLMAN MF,BMV,USD,USD,IE00BNC1F287,A2QG4B,58802920,BMZQDM9,Article 9,"56,153,006",8.1499,0.65%,ETF,Y,"AT,DK,FI,FR,DE,IE,IT,LU,NL,NO,SE,CH,GB",,,,,,,,,,,,,,,,,,,,,,,
Airlines Hotels Cruise Lines UCITS ETF - Accumulating,7RIP GY,Xetra,EUR,USD,IE00BMFNW783,A3CPGE,111372791,BL6KDQ7,Article 6,"32,997,250",5.7688,0.69%,ETF,Y,"AT,DK,FI,FR,DE,IE,IT,LU,NL,NO,SE,CH,GB",,,,,,,,,,,,,,,,,,,,,,,
Airlines Hotels Cruise Lines UCITS ETF - Accumulating,TRYP FP,Paris,EUR,USD,IE00BMFNW783,A3CPGE,111372791,BPG9N28,Article 6,"32,997,250",5.7688,0.69%,ETF,Y,"AT,DK,FI,FR,DE,IE,IT,LU,NL,NO,SE,CH,GB",,,,,,,,,,,,,,,,,,,,,,,
Airlines Hotels Cruise Lines UCITS ETF - Accumulating,TRYP IM,Borsa Italiana,EUR,USD,IE00BMFNW783,A3CPGE,111372791,BL6KDP6,Article 6,"32,997,250",5.7688,0.69%,ETF,Y,"AT,DK,FI,FR,DE,IE,IT,LU,NL,NO,SE,CH,GB",,,,,,,,,,,,,,,,,,,,,,,
Airlines Hotels Cruise Lines UCITS ETF - Accumulating,TRYP LN,LSE,USD,USD,IE00BMFNW783,A3CPGE,111372791,BMTR180,Article 6,"32,997,250",5.7688,0.69%,ETF,Y,"AT,DK,FI,FR,DE,IE,IT,LU,NL,NO,SE,CH,GB",,,,,,,,,,,,,,,,,,,,,,,
Airlines Hotels Cruise Lines UCITS ETF - Accumulating,TRYPN MF,BMV,USD,USD,IE00BMFNW783,A3CPGE,111372791,BMZQG86,Article 6,"32,997,250",5.7688,0.69%,ETF,Y,"AT,DK,FI,FR,DE,IE,IT,LU,NL,NO,SE,CH,GB",,,,,,,,,,,,,,,,,,,,,,,
Airlines Hotels Cruise Lines UCITS ETF - Accumulating,TRYP SE,SIX,CHF,USD,IE00BMFNW783,A3CPGE,111372791,BMX8D61,Article 6,"32,997,250",5.7688,0.69%,ETF,Y,"AT,DK,FI,FR,DE,IE,IT,LU,NL,NO,SE,CH,GB",,,,,,,,,,,,,,,,,,,,,,,
Airlines Hotels Cruise Lines UCITS ETF - Accumulating,TRIP LN,LSE,GBp,USD,IE00BMFNW783,A3CPGE,111372791,BMTR1G8,Article 6,"32,997,250",5.7688,0.69%,ETF,Y,"AT,DK,FI,FR,DE,IE,IT,LU,NL,NO,SE,CH,GB",,,,,,,,,,,,,,,,,,,,,,,
Digital Infrastructure and Connectivity UCITS ETF - Accumulating,DIGI LN,LSE,USD,USD,IE00BL643144,A2QB9J,57473380,BJP4Y29,Article 8,"24,941,653",8.3417,0.69%,ETF,Y,"AT,DK,FI,FR,DE,IE,IT,LU,NL,NO,SE,CH,GB",,,,,,,,,,,,,,,,,,,,,,,
Digital Infrastructure and Connectivity UCITS ETF - Accumulating,PIGI LN,LSE,GBp,USD,IE00BL643144,A2QB9J,57473380,BJP4Y18,Article 8,"24,941,653",8.3417,0.69%,ETF,Y,"AT,DK,FI,FR,DE,IE,IT,LU,NL,NO,SE,CH,GB",,,,,,,,,,,,,,,,,,,,,,,
Digital Infrastructure and Connectivity UCITS ETF - Accumulating,DIGI SE,SIX,CHF,USD,IE00BL643144,A2QB9J,57473380,BMC7PC9,Article 8,"24,941,653",8.3417,0.69%,ETF,Y,"AT,DK,FI,FR,DE,IE,IT,LU,NL,NO,SE,CH,GB",,,,,,,,,,,,,,,,,,,,,,,
Digital Infrastructure and Connectivity UCITS ETF - Accumulating,DIGIN MF,BMV,USD,USD,IE00BL643144,A2QB9J,57473380,BMZQGJ7,Article 8,"24,941,653",8.3417,0.69%,ETF,Y,"AT,DK,FI,FR,DE,IE,IT,LU,NL,NO,SE,CH,GB",,,,,,,,,,,,,,,,,,,,,,,
Digital Infrastructure and Connectivity UCITS ETF - Accumulating,DIGI IM,Borsa Italiana,EUR,USD,IE00BL643144,A2QB9J,57473380,BMW4W74,Article 8,"24,941,653",8.3417,0.69%,ETF,Y,"AT,DK,FI,FR,DE,IE,IT,LU,NL,NO,SE,CH,GB",,,,,,,,,,,,,,,,,,,,,,,
Digital Infrastructure and Connectivity UCITS ETF - Accumulating,DIGI GY,Xetra,EUR,USD,IE00BL643144,A2QB9J,57473380,BMW4W85,Article 8,"24,941,653",8.3417,0.69%,ETF,Y,"AT,DK,FI,FR,DE,IE,IT,LU,NL,NO,SE,CH,GB",,,,,,,,,,,,,,,,,,,,,,,
Digital Infrastructure and Connectivity UCITS ETF - Accumulating,DIGI FP,Paris,EUR,USD,IE00BL643144,A2QB9J,57473380,BPG9MV0,Article 8,"24,941,653",8.3417,0.69%,ETF,Y,"AT,DK,FI,FR,DE,IE,IT,LU,NL,NO,SE,CH,GB",,,,,,,,,,,,,,,,,,,,,,,
Digital Infrastructure and Connectivity UCITS ETF - Accumulating,DIGI FP,Paris,EUR,USD,IE00BL643144,A2QB9J,57473380,BPG9MV0,Article 8,"24,941,653",8.3417,0.69%,ETF,Y,"AT,DK,FI,FR,DE,IE,IT,LU,NL,NO,SE,CH,GB",,,,,,,,,,,,,,,,,,,,,,,
Alerian Midstream Energy Dividend UCITS ETF - Distributing,PMLP LN,LSE,GBp,USD,IE00BKPTXQ89,A2P4PH,56293164,BL96TT7,Article 6,"21,261,148",12.5806,0.40%,ETF,Y,"AT,DK,FI,DE,IE,IT,LU,NL,NO,SE,GB",,,,,,,,,,,,,,,,,,,,,,,
Alerian Midstream Energy Dividend UCITS ETF - Distributing,MMLP LN,LSE,USD,USD,IE00BKPTXQ89,A2P4PH,56293164,BMVFZ02,Article 6,"21,261,148",12.5806,0.40%,ETF,Y,"AT,DK,FI,DE,IE,IT,LU,NL,NO,SE,GB",,,,,,,,,,,,,,,,,,,,,,,
Alerian Midstream Energy Dividend UCITS ETF - Distributing,MMLP IM,Borsa Italiana,EUR,USD,IE00BKPTXQ89,A2P4PH,56293164,BMHVZQ0,Article 6,"21,261,148",12.5806,0.40%,ETF,Y,"AT,DK,FI,DE,IE,IT,LU,NL,NO,SE,GB",,,,,,,,,,,,,,,,,,,,,,,
Alerian Midstream Energy Dividend UCITS ETF - Distributing,JMLP GY,Xetra,EUR,USD,IE00BKPTXQ89,A2P4PH,56293164,BMHVZP9,Article 6,"21,261,148",12.5806,0.40%,ETF,Y,"AT,DK,FI,DE,IE,IT,LU,NL,NO,SE,GB",,,,,,,,,,,,,,,,,,,,,,,
The Medical Cannabis and Wellness UCITS ETF - Accumulating,CBSX GY,Xetra,EUR,USD,IE00BG5J1M21,A2PPE8,51899559,BJBL4D5,Article 6,"20,776,684",6.4444,0.80%,ETF,Y,"AT,DK,FI,DE,IE,IT,NL,NO,SE,CH,GB",,,,,,,,,,,,,,,,,,,,,,,
The Medical Cannabis and Wellness UCITS ETF - Accumulating,CBDP LN,LSE,GBp,USD,IE00BG5J1M21,A2PPE8,51899559,BGSXQX7,Article 6,"20,776,684",6.4444,0.80%,ETF,Y,"AT,DK,FI,DE,IE,IT,NL,NO,SE,CH,GB",,,,,,,,,,,,,,,,,,,,,,,
The Medical Cannabis and Wellness UCITS ETF - Accumulating,CBDX LN,LSE,USD,USD,IE00BG5J1M21,A2PPE8,51899559,BGSXSL9,Article 6,"20,776,684",6.4444,0.80%,ETF,Y,"AT,DK,FI,DE,IE,IT,NL,NO,SE,CH,GB",,,,,,,,,,,,,,,,,,,,,,,
The Medical Cannabis and Wellness UCITS ETF - Accumulating,CBDX SE,SIX,CHF,USD,IE00BG5J1M21,A2PPE8,51899559,BMYC3S4,Article 6,"20,776,684",6.4444,0.80%,ETF,Y,"AT,DK,FI,DE,IE,IT,NL,NO,SE,CH,GB",,,,,,,,,,,,,,,,,,,,,,,
HAN-GINS Cloud Technology Equal Weight UCITS ETF - Accumulating,5XYE GY,Xetra,EUR,USD,IE00BDDRF924,A2JR0H,44096882,BFX38L7,Article 8,"20,227,472",9.7247,0.59%,ETF,Y,"AT,DK,FI,FR,DE,IE,IT,LU,NL,NO,SE,CH,GB",,,,,,,,,,,,,,,,,,,,,,,
HAN-GINS Cloud Technology Equal Weight UCITS ETF - Accumulating,SKYY FP,Paris,EUR,USD,IE00BDDRF924,A2JR0H,44096882,BPG9MW1,Article 8,"20,227,472",9.7247,0.59%,ETF,Y,"AT,DK,FI,FR,DE,IE,IT,LU,NL,NO,SE,CH,GB",,,,,,,,,,,,,,,,,,,,,,,
HAN-GINS Cloud Technology Equal Weight UCITS ETF - Accumulating,SKYY IM,Borsa Italiana,EUR,USD,IE00BDDRF924,A2JR0H,44096882,BFX1CC0,Article 8,"20,227,472",9.7247,0.59%,ETF,Y,"AT,DK,FI,FR,DE,IE,IT,LU,NL,NO,SE,CH,GB",,,,,,,,,,,,,,,,,,,,,,,
HAN-GINS Cloud Technology Equal Weight UCITS ETF - Accumulating,SKYY LN,LSE,USD,USD,IE00BDDRF924,A2JR0H,44096882,BYVJ8T8,Article 8,"20,227,472",9.7247,0.59%,ETF,Y,"AT,DK,FI,FR,DE,IE,IT,LU,NL,NO,SE,CH,GB",,,,,,,,,,,,,,,,,,,,,,,
HAN-GINS Cloud Technology Equal Weight UCITS ETF - Accumulating,SKYY SE,SIX,CHF,USD,IE00BDDRF924,A2JR0H,44096882,BMYC3V7,Article 8,"20,227,472",9.7247,0.59%,ETF,Y,"AT,DK,FI,FR,DE,IE,IT,LU,NL,NO,SE,CH,GB",,,,,,,,,,,,,,,,,,,,,,,
HAN-GINS Cloud Technology Equal Weight UCITS ETF - Accumulating,SKYP LN,LSE,GBp,USD,IE00BDDRF924,A2JR0H,44096882,BYVJ973,Article 8,"20,227,472",9.7247,0.59%,ETF,Y,"AT,DK,FI,FR,DE,IE,IT,LU,NL,NO,SE,CH,GB",,,,,,,,,,,,,,,,,,,,,,,
HAN-GINS Cloud Technology Equal Weight UCITS ETF - Accumulating,SKYY1N MF,BMV,USD,USD,IE00BDDRF924,A2JR0H,44096882,BMZQDK7,Article 8,"20,227,472",9.7247,0.59%,ETF,Y,"AT,DK,FI,FR,DE,IE,IT,LU,NL,NO,SE,CH,GB",,,,,,,,,,,,,,,,,,,,,,,
Procure Space UCITS ETF – Accumulating,YODA GY,Borsa Italiana,EUR,USD,IE00BLH3CV30,A3CUJ9,111463435,BMV9PR1,Article 6,"16,230,503",5.9452,0.75%,ETF,Y,"AT,DK,FI,FR,DE,IE,IT,LU,NL,NO,SE,CH,GB",,,,,,,,,,,,,,,,,,,,,,,
Procure Space UCITS ETF – Accumulating,YODA FP,Paris,EUR,USD,IE00BLH3CV30,A3CUJ9,111463435,BPG9N06,Article 6,"16,230,503",5.9452,0.75%,ETF,Y,"AT,DK,FI,FR,DE,IE,IT,LU,NL,NO,SE,CH,GB",,,,,,,,,,,,,,,,,,,,,,,
Procure Space UCITS ETF – Accumulating,UFOP LN,LSE,GBp,USD,IE00BLH3CV30,A3CUJ9,111463435,BMTR0D8,Article 6,"16,230,503",5.9452,0.75%,ETF,Y,"AT,DK,FI,FR,DE,IE,IT,LU,NL,NO,SE,CH,GB",,,,,,,,,,,,,,,,,,,,,,,
Procure Space UCITS ETF – Accumulating,YODAN MF,BMV,USD,USD,IE00BLH3CV30,A3CUJ9,111463435,BMZQGM0,Article 6,"16,230,503",5.9452,0.75%,ETF,Y,"AT,DK,FI,FR,DE,IE,IT,LU,NL,NO,SE,CH,GB",,,,,,,,,,,,,,,,,,,,,,,
Procure Space UCITS ETF – Accumulating,YODA SE,SIX,CHF,USD,IE00BLH3CV30,A3CUJ9,111463435,BMX8D50,Article 6,"16,230,503",5.9452,0.75%,ETF,Y,"AT,DK,FI,FR,DE,IE,IT,LU,NL,NO,SE,CH,GB",,,,,,,,,,,,,,,,,,,,,,,
Procure Space UCITS ETF – Accumulating,YODA LN,LSE,USD,USD,IE00BLH3CV30,A3CUJ9,111463435,BMTR072,Article 6,"16,230,503",5.9452,0.75%,ETF,Y,"AT,DK,FI,FR,DE,IE,IT,LU,NL,NO,SE,CH,GB",,,,,,,,,,,,,,,,,,,,,,,
Procure Space UCITS ETF – Accumulating,YODA IM,Xetra,EUR,USD,IE00BLH3CV30,A3CUJ9,111463435,BMV9PQ0,Article 6,"16,230,503",5.9452,0.75%,ETF,Y,"AT,DK,FI,FR,DE,IE,IT,LU,NL,NO,SE,CH,GB",,,,,,,,,,,,,,,,,,,,,,,
Finamex Mexico SPBMV International UMS Sovereign Bond 5-10yr UCITS ETF - Accumulating,MEXP LN,LSE,GBp,USD,IE000RI14ZD9,A3DCVK,116308024,BMD1WN0,Article 6,"15,031,447",6.6806,0.55%,ETF,Y,"IE,GB",,,,,,,,,,,,,,,,,,,,,,,
Finamex Mexico SPBMV International UMS Sovereign Bond 5-10yr UCITS ETF - Accumulating,MEXS LN,LSE,USD,USD,IE000RI14ZD9,A3DCVK,116308024,BMD1WM9,Article 6,"15,031,447",6.6806,0.55%,ETF,Y,"IE,GB",,,,,,,,,,,,,,,,,,,,,,,
Finamex Mexico SPBMV International UMS Sovereign Bond 5-10yr UCITS ETF - Accumulating,MEXSN MU,BIVA,USD,USD,IE000RI14ZD9,A3DCVK,116308024,BPQW7R0,Article 6,"15,031,447",6.6806,0.55%,ETF,Y,"IE,GB",,,,,,,,,,,,,,,,,,,,,,,
Sprott Uranium Miners UCITS ETF - Accumulating,U3O8 GY,Xetra,EUR,USD,IE0005YK6564,A3DJZY ,118175406,BPCJFR1,Article 6,"13,113,317",7.2050,0.85%,ETF,Y,"AT,DK,FI,FR,DE,IE,IT,LU,NL,NO,SE,GB",,,,,,,,,,,,,,,,,,,,,,,
Sprott Uranium Miners UCITS ETF - Accumulating,U3O8 IM,Borsa Italiana,EUR,USD,IE0005YK6564,A3DJZY ,118175406,BPCJF82,Article 6,"13,113,317",7.2050,0.85%,ETF,Y,"AT,DK,FI,FR,DE,IE,IT,LU,NL,NO,SE,GB",,,,,,,,,,,,,,,,,,,,,,,
Sprott Uranium Miners UCITS ETF - Accumulating,URNM LN,LSE,USD,USD,IE0005YK6564,A3DJZY ,118175406,BN16G54,Article 6,"13,113,317",7.2050,0.85%,ETF,Y,"AT,DK,FI,FR,DE,IE,IT,LU,NL,NO,SE,GB",,,,,,,,,,,,,,,,,,,,,,,
Sprott Uranium Miners UCITS ETF - Accumulating,URNP LN,LSE,GBP,USD,IE0005YK6564,A3DJZY ,118175406,BN16G87,Article 6,"13,113,317",7.2050,0.85%,ETF,Y,"AT,DK,FI,FR,DE,IE,IT,LU,NL,NO,SE,GB",,,,,,,,,,,,,,,,,,,,,,,
HAN-GINS Indxx Healthcare Megatrend Equal Weight UCITS ETF - Accumulating,W311 GY,Xetra,EUR,USD,IE00BJQTJ848,A2PFPC,47284465,BJ02354,Article 8,"13,053,222",8.1583,0.59%,ETF,Y,"AT,DK,FI,FR,DE,IE,IT,LU,NL,NO,SE,CH,GB",,,,,,,,,,,,,,,,,,,,,,,
HAN-GINS Indxx Healthcare Megatrend Equal Weight UCITS ETF - Accumulating,WELL1N MF,BMV,USD,USD,IE00BJQTJ848,A2PFPC,47284465,BMZQGH5,Article 8,"13,053,222",8.1583,0.59%,ETF,Y,"AT,DK,FI,FR,DE,IE,IT,LU,NL,NO,SE,CH,GB",,,,,,,,,,,,,,,,,,,,,,,
HAN-GINS Indxx Healthcare Megatrend Equal Weight UCITS ETF - Accumulating,WELL FP,Paris,EUR,USD,IE00BJQTJ848,A2PFPC,47284465,BPG9MZ4,Article 8,"13,053,222",8.1583,0.59%,ETF,Y,"AT,DK,FI,FR,DE,IE,IT,LU,NL,NO,SE,CH,GB",,,,,,,,,,,,,,,,,,,,,,,
HAN-GINS Indxx Healthcare Megatrend Equal Weight UCITS ETF - Accumulating,WELL IM,Borsa Italiana,EUR,USD,IE00BJQTJ848,A2PFPC,47284465,BHRWXD1,Article 8,"13,053,222",8.1583,0.59%,ETF,Y,"AT,DK,FI,FR,DE,IE,IT,LU,NL,NO,SE,CH,GB",,,,,,,,,,,,,,,,,,,,,,,
HAN-GINS Indxx Healthcare Megatrend Equal Weight UCITS ETF - Accumulating,WELL LN,LSE,USD,USD,IE00BJQTJ848,A2PFPC,47284465,BJVBGL7,Article 8,"13,053,222",8.1583,0.59%,ETF,Y,"AT,DK,FI,FR,DE,IE,IT,LU,NL,NO,SE,CH,GB",,,,,,,,,,,,,,,,,,,,,,,
HAN-GINS Indxx Healthcare Megatrend Equal Weight UCITS ETF - Accumulating,WELL SE,SIX,CHF,USD,IE00BJQTJ848,A2PFPC,47284465,BMYC3R3,Article 8,"13,053,222",8.1583,0.59%,ETF,Y,"AT,DK,FI,FR,DE,IE,IT,LU,NL,NO,SE,CH,GB",,,,,,,,,,,,,,,,,,,,,,,
HAN-GINS Indxx Healthcare Megatrend Equal Weight UCITS ETF - Accumulating,WELP LN,LSE,GBp,USD,IE00BJQTJ848,A2PFPC,47284465,BJVBGM8,Article 8,"13,053,222",8.1583,0.59%,ETF,Y,"AT,DK,FI,FR,DE,IE,IT,LU,NL,NO,SE,CH,GB",,,,,,,,,,,,,,,,,,,,,,,
Solar Energy UCITS ETF - Accumulating,TANN SE,SIX,CHF,USD,IE00BMFNWC33,A3CPGF,111372659,BMX8D27,Article 8,"11,250,907",8.6545,0.69%,ETF,Y,"AT,DK,FI,FR,DE,IE,IT,LU,NL,NO,SE,CH,GB",,,,,,,,,,,,,,,,,,,,,,,
Solar Energy UCITS ETF - Accumulating,TANNN MF,BMV,USD,USD,IE00BMFNWC33,A3CPGF,111372659,BMZQGF3,Article 8,"11,250,907",8.6545,0.69%,ETF,Y,"AT,DK,FI,FR,DE,IE,IT,LU,NL,NO,SE,CH,GB",,,,,,,,,,,,,,,,,,,,,,,
Solar Energy UCITS ETF - Accumulating,TANP LN,LSE,GBp,USD,IE00BMFNWC33,A3CPGF,111372659,BMTR1D5,Article 8,"11,250,907",8.6545,0.69%,ETF,Y,"AT,DK,FI,FR,DE,IE,IT,LU,NL,NO,SE,CH,GB",,,,,,,,,,,,,,,,,,,,,,,
Solar Energy UCITS ETF - Accumulating,TANN GY,Xetra,EUR,USD,IE00BMFNWC33,A3CPGF,111372659,BL6KDT0,Article 8,"11,250,907",8.6545,0.69%,ETF,Y,"AT,DK,FI,FR,DE,IE,IT,LU,NL,NO,SE,CH,GB",,,,,,,,,,,,,,,,,,,,,,,
Solar Energy UCITS ETF - Accumulating,TANN LN,LSE,USD,USD,IE00BMFNWC33,A3CPGF,111372659,BMTR168,Article 8,"11,250,907",8.6545,0.69%,ETF,Y,"AT,DK,FI,FR,DE,IE,IT,LU,NL,NO,SE,CH,GB",,,,,,,,,,,,,,,,,,,,,,,
Solar Energy UCITS ETF - Accumulating,TANN FP,Paris,EUR,USD,IE00BMFNWC33,A3CPGF,111372659,BPG9N40,Article 8,"11,250,907",8.6545,0.69%,ETF,Y,"AT,DK,FI,FR,DE,IE,IT,LU,NL,NO,SE,CH,GB",,,,,,,,,,,,,,,,,,,,,,,
Solar Energy UCITS ETF - Accumulating,TANN IM,Borsa Italiana,EUR,USD,IE00BMFNWC33,A3CPGF,111372659,BL6KDR8,Article 8,"11,250,907",8.6545,0.69%,ETF,Y,"AT,DK,FI,FR,DE,IE,IT,LU,NL,NO,SE,CH,GB",,,,,,,,,,,,,,,,,,,,,,,
US Global Jets UCITS ETF - Accumulating,JETZ FP,Paris,EUR,USD,IE00BN76Y761,A3CPGH,111372919,BPG9NC8,Article 6,"11,127,248",5.7063,0.65%,ETF,Y,"AT,DK,FI,FR,DE,IE,IT,LU,NL,NO,SE,CH,GB",,,,,,,,,,,,,,,,,,,,,,,
US Global Jets UCITS ETF - Accumulating,JETS SE,SIX,CHF,USD,IE00BN76Y761,A3CPGH,111372919,BMX8D94,Article 6,"11,127,248",5.7063,0.65%,ETF,Y,"AT,DK,FI,FR,DE,IE,IT,LU,NL,NO,SE,CH,GB",,,,,,,,,,,,,,,,,,,,,,,
US Global Jets UCITS ETF - Accumulating,JETS LN,LSE,USD,USD,IE00BN76Y761,A3CPGH,111372919,BMTQZX0,Article 6,"11,127,248",5.7063,0.65%,ETF,Y,"AT,DK,FI,FR,DE,IE,IT,LU,NL,NO,SE,CH,GB",,,,,,,,,,,,,,,,,,,,,,,
US Global Jets UCITS ETF - Accumulating,JETS IM,Borsa Italiana,EUR,USD,IE00BN76Y761,A3CPGH,111372919,BL6KDX4,Article 6,"11,127,248",5.7063,0.65%,ETF,Y,"AT,DK,FI,FR,DE,IE,IT,LU,NL,NO,SE,CH,GB",,,,,,,,,,,,,,,,,,,,,,,
US Global Jets UCITS ETF - Accumulating,JETS GY,Xetra,EUR,USD,IE00BN76Y761,A3CPGH,111372919,BL6KDY5,Article 6,"11,127,248",5.7063,0.65%,ETF,Y,"AT,DK,FI,FR,DE,IE,IT,LU,NL,NO,SE,CH,GB",,,,,,,,,,,,,,,,,,,,,,,
US Global Jets UCITS ETF - Accumulating,JETS1N MF,BMV,USD,USD,IE00BN76Y761,A3CPGH,111372919,BM9F504,Article 6,"11,127,248",5.7063,0.65%,ETF,Y,"AT,DK,FI,FR,DE,IE,IT,LU,NL,NO,SE,CH,GB",,,,,,,,,,,,,,,,,,,,,,,
US Global Jets UCITS ETF - Accumulating,JETP LN,LSE,GBp,USD,IE00BN76Y761,A3CPGH,111372919,BMTR005,Article 6,"11,127,248",5.7063,0.65%,ETF,Y,"AT,DK,FI,FR,DE,IE,IT,LU,NL,NO,SE,CH,GB",,,,,,,,,,,,,,,,,,,,,,,
Saturna Al-Kawthar Global Focused Equity UCITS ETF - Accumulating,AMAP LN,LSE,GBp,USD,IE00BMYMHS24,A2P5A6,57400269,BMDNKC1,Article 8,"5,464,464",7.0057,0.75%,ETF,Y,"AT,DK,FI,FR,DE,IE,IT,LU,NL,NO,SE,CH,GB",,,,,,,,,,,,,,,,,,,,,,,
Saturna Al-Kawthar Global Focused Equity UCITS ETF - Accumulating,ASWE GY,Xetra,EUR,USD,IE00BMYMHS24,A2P5A6,57400269,BMWTXV0,Article 8,"5,464,464",7.0057,0.75%,ETF,Y,"AT,DK,FI,FR,DE,IE,IT,LU,NL,NO,SE,CH,GB",,,,,,,,,,,,,,,,,,,,,,,
Saturna Al-Kawthar Global Focused Equity UCITS ETF - Accumulating,AMAL SE,SIX,CHF,USD,IE00BMYMHS24,A2P5A6,57400269,BMX8CZ3,Article 8,"5,464,464",7.0057,0.75%,ETF,Y,"AT,DK,FI,FR,DE,IE,IT,LU,NL,NO,SE,CH,GB",,,,,,,,,,,,,,,,,,,,,,,
Saturna Al-Kawthar Global Focused Equity UCITS ETF - Accumulating,AMAL IM,Borsa Italiana,EUR,USD,IE00BMYMHS24,A2P5A6,57400269,BMWTXS7,Article 8,"5,464,464",7.0057,0.75%,ETF,Y,"AT,DK,FI,FR,DE,IE,IT,LU,NL,NO,SE,CH,GB",,,,,,,,,,,,,,,,,,,,,,,
Saturna Al-Kawthar Global Focused Equity UCITS ETF - Accumulating,AMAL LN,LSE,USD,USD,IE00BMYMHS24,A2P5A6,57400269,BMDNKB0,Article 8,"5,464,464",7.0057,0.75%,ETF,Y,"AT,DK,FI,FR,DE,IE,IT,LU,NL,NO,SE,CH,GB",,,,,,,,,,,,,,,,,,,,,,,
HANetf SP Global Clean Energy Select HANzero UCITS ETF - Accumulating,ZER0 GY,Xetra,EUR,USD,IE00BLH3CQ86,A3CPGG,111371497,BL6KDK1,Article 8,"5,451,369",6.9889,0.55%,ETF,Y,"AT,DK,FI,DE,IE,IT,LU,NL,NO,SE,GB",,,,,,,,,,,,,,,,,,,,,,,
HANetf SP Global Clean Energy Select HANzero UCITS ETF - Accumulating,ZERP LN,LSE,GBp,USD,IE00BLH3CQ86,A3CPGG,111371497,BMTR0G1,Article 8,"5,451,369",6.9889,0.55%,ETF,Y,"AT,DK,FI,DE,IE,IT,LU,NL,NO,SE,GB",,,,,,,,,,,,,,,,,,,,,,,
HANetf SP Global Clean Energy Select HANzero UCITS ETF - Accumulating,ZERON MF,BMV,USD,USD,IE00BLH3CQ86,A3CPGG,111371497,BM9F4Z2,Article 8,"5,451,369",6.9889,0.55%,ETF,Y,"AT,DK,FI,DE,IE,IT,LU,NL,NO,SE,GB",,,,,,,,,,,,,,,,,,,,,,,
HANetf SP Global Clean Energy Select HANzero UCITS ETF - Accumulating,ZERO LN,LSE,USD,USD,IE00BLH3CQ86,A3CPGG,111371497,BMTR094,Article 8,"5,451,369",6.9889,0.55%,ETF,Y,"AT,DK,FI,DE,IE,IT,LU,NL,NO,SE,GB",,,,,,,,,,,,,,,,,,,,,,,
HANetf SP Global Clean Energy Select HANzero UCITS ETF - Accumulating,ZERO IM,Borsa Italiana,EUR,USD,IE00BLH3CQ86,A3CPGG,111371497,BL6KDJ0,Article 8,"5,451,369",6.9889,0.55%,ETF,Y,"AT,DK,FI,DE,IE,IT,LU,NL,NO,SE,GB",,,,,,,,,,,,,,,,,,,,,,,
HANetf SP Global Clean Energy Select HANzero UCITS ETF - Accumulating,ZERO FP,Paris,EUR,USD,IE00BLH3CQ86,A3CPGG,111371497,BPG9N95,Article 8,"5,451,369",6.9889,0.55%,ETF,Y,"AT,DK,FI,DE,IE,IT,LU,NL,NO,SE,GB",,,,,,,,,,,,,,,,,,,,,,,
ETC Group Global Metaverse UCITS ETF - Accumulating,METR LN,LSE,USD,USD,IE000KDY10O3,A3DE9M,117650996,BMV7W41,Article 6,"5,000,045",7.6924,0.65%,ETF,Y,"AT,DK,FI,FR,DE,IE,IT,LU,NL,NO,SE,GB",,,,,,,,,,,,,,,,,,,,,,,
ETC Group Global Metaverse UCITS ETF - Accumulating,M37R GY,Xetra,EUR,USD,IE000KDY10O3,A3DE9M,117650996,BMCDV18,Article 6,"5,000,045",7.6924,0.65%,ETF,Y,"AT,DK,FI,FR,DE,IE,IT,LU,NL,NO,SE,GB",,,,,,,,,,,,,,,,,,,,,,,
ETC Group Global Metaverse UCITS ETF - Accumulating,METP LN,LSE,GBp,USD,IE000KDY10O3,A3DE9M,117650996,BMV7ZZ3,Article 6,"5,000,045",7.6924,0.65%,ETF,Y,"AT,DK,FI,FR,DE,IE,IT,LU,NL,NO,SE,GB",,,,,,,,,,,,,,,,,,,,,,,
ETC Group Global Metaverse UCITS ETF - Accumulating,METR IM,Borsa Italiana,EUR,USD,IE000KDY10O3,A3DE9M,117650996,BMCDTZ8,Article 6,"5,000,045",7.6924,0.65%,ETF,Y,"AT,DK,FI,FR,DE,IE,IT,LU,NL,NO,SE,GB",,,,,,,,,,,,,,,,,,,,,,,
iClima Smart Energy UCITS ETF - Accumulating,DGEP LN,LSE,GBp,USD,IE00BLCH4S17,A2QQVZ,111399109,BLCHHC6,Article 9,"4,639,994",7.1385,0.69%,ETF,Y,"AT,DK,FI,FR,DE,IE,IT,LU,NL,NO,SE,CH,GB",,,,,,,,,,,,,,,,,,,,,,,
iClima Smart Energy UCITS ETF - Accumulating,DGEN IM,Borsa Italiana,EUR,USD,IE00BLCH4S17,A2QQVZ,111399109,BLFBNX8,Article 9,"4,639,994",7.1385,0.69%,ETF,Y,"AT,DK,FI,FR,DE,IE,IT,LU,NL,NO,SE,CH,GB",,,,,,,,,,,,,,,,,,,,,,,
iClima Smart Energy UCITS ETF - Accumulating,DGEN GY,Xetra,EUR,USD,IE00BLCH4S17,A2QQVZ,111399109,BLFBNY9,Article 9,"4,639,994",7.1385,0.69%,ETF,Y,"AT,DK,FI,FR,DE,IE,IT,LU,NL,NO,SE,CH,GB",,,,,,,,,,,,,,,,,,,,,,,
iClima Smart Energy UCITS ETF - Accumulating,DGEN FP,Paris,EUR,USD,IE00BLCH4S17,A2QQVZ,111399109,BPG9N84,Article 9,"4,639,994",7.1385,0.69%,ETF,Y,"AT,DK,FI,FR,DE,IE,IT,LU,NL,NO,SE,CH,GB",,,,,,,,,,,,,,,,,,,,,,,
iClima Smart Energy UCITS ETF - Accumulating,DGEN SE,SIX,CHF,USD,IE00BLCH4S17,A2QQVZ,111399109,BMX8D05,Article 9,"4,639,994",7.1385,0.69%,ETF,Y,"AT,DK,FI,FR,DE,IE,IT,LU,NL,NO,SE,CH,GB",,,,,,,,,,,,,,,,,,,,,,,
iClima Smart Energy UCITS ETF - Accumulating,DGENN MF,BMV,USD,USD,IE00BLCH4S17,A2QQVZ,111399109,BMZQG42,Article 9,"4,639,994",7.1385,0.69%,ETF,Y,"AT,DK,FI,FR,DE,IE,IT,LU,NL,NO,SE,CH,GB",,,,,,,,,,,,,,,,,,,,,,,
iClima Smart Energy UCITS ETF - Accumulating,DGEN LN,LSE,USD,USD,IE00BLCH4S17,A2QQVZ,111399109,BLCHHG0,Article 9,"4,639,994",7.1385,0.69%,ETF,Y,"AT,DK,FI,FR,DE,IE,IT,LU,NL,NO,SE,CH,GB",,,,,,,,,,,,,,,,,,,,,,,
AuAg ESG Gold Mining UCITS ETF - Accumulating,ESGO LN,LSE,USD,USD,IE00BNTVVR89,A3CPAP,111372653,BMTR0P0,Article 8,"4,632,053",5.9385,0.60%,ETF,Y,"AT,DK,FI,FR,DE,IE,IT,LU,NL,NO,SE,CH,GB",,,,,,,,,,,,,,,,,,,,,,,
AuAg ESG Gold Mining UCITS ETF - Accumulating,ZSG0 GY,Xetra,EUR,USD,IE00BNTVVR89,A3CPAP,111372653,BL6KDH8,Article 8,"4,632,053",5.9385,0.60%,ETF,Y,"AT,DK,FI,FR,DE,IE,IT,LU,NL,NO,SE,CH,GB",,,,,,,,,,,,,,,,,,,,,,,
AuAg ESG Gold Mining UCITS ETF - Accumulating,ESGO FP,Paris,EUR,USD,IE00BNTVVR89,A3CPAP,111372653,BPG9NB7,Article 8,"4,632,053",5.9385,0.60%,ETF,Y,"AT,DK,FI,FR,DE,IE,IT,LU,NL,NO,SE,CH,GB",,,,,,,,,,,,,,,,,,,,,,,
AuAg ESG Gold Mining UCITS ETF - Accumulating,ESGON MF,BMV,USD,USD,IE00BNTVVR89,A3CPAP,111372653,BMZQG97,Article 8,"4,632,053",5.9385,0.60%,ETF,Y,"AT,DK,FI,FR,DE,IE,IT,LU,NL,NO,SE,CH,GB",,,,,,,,,,,,,,,,,,,,,,,
AuAg ESG Gold Mining UCITS ETF - Accumulating,ESGO SE,SIX,CHF,USD,IE00BNTVVR89,A3CPAP,111372653,BMX8D72,Article 8,"4,632,053",5.9385,0.60%,ETF,Y,"AT,DK,FI,FR,DE,IE,IT,LU,NL,NO,SE,CH,GB",,,,,,,,,,,,,,,,,,,,,,,
AuAg ESG Gold Mining UCITS ETF - Accumulating,ESGP LN,LSE,GBp,USD,IE00BNTVVR89,A3CPAP,111372653,BMTR0V6,Article 8,"4,632,053",5.9385,0.60%,ETF,Y,"AT,DK,FI,FR,DE,IE,IT,LU,NL,NO,SE,CH,GB",,,,,,,,,,,,,,,,,,,,,,,
AuAg ESG Gold Mining UCITS ETF - Accumulating,ESGO IM,Borsa Italiana,EUR,USD,IE00BNTVVR89,A3CPAP,111372653,BL6KDG7,Article 8,"4,632,053",5.9385,0.60%,ETF,Y,"AT,DK,FI,FR,DE,IE,IT,LU,NL,NO,SE,CH,GB",,,,,,,,,,,,,,,,,,,,,,,
LTCetc - ETC Group Physical Litecoin,ELTC NA,Amsterdam,EUR,USD,DE000A3GN5J9,A3GN5J,111198508,BN0Z9X1,,"3,966,856",6.0599,2.00%,ETC,N,"AT,CZ,DK,FI,FR,DE,IE,IT,LU,NL,NO,PL,ES,SE,CH",,,,,,,,,,,,,,,,,,,,,,,
LTCetc - ETC Group Physical Litecoin,ELTCGBP SE,SIX,GBp,USD,DE000A3GN5J9,A3GN5J,111198508,BMZ5V22,,"3,966,856",6.0599,2.00%,ETC,N,"AT,CZ,DK,FI,FR,DE,IE,IT,LU,NL,NO,PL,ES,SE,CH",,,,,,,,,,,,,,,,,,,,,,,
LTCetc - ETC Group Physical Litecoin,ELTE GY,Xetra,USD,USD,DE000A3GN5J9,A3GN5J,111198508,BMFCDS3,,"3,966,856",6.0599,2.00%,ETC,N,"AT,CZ,DK,FI,FR,DE,IE,IT,LU,NL,NO,PL,ES,SE,CH",,,,,,,,,,,,,,,,,,,,,,,
LTCetc - ETC Group Physical Litecoin,ELTC SE,SIX,USD,USD,DE000A3GN5J9,A3GN5J,111198508,BMZ5R68,,"3,966,856",6.0599,2.00%,ETC,N,"AT,CZ,DK,FI,FR,DE,IE,IT,LU,NL,NO,PL,ES,SE,CH",,,,,,,,,,,,,,,,,,,,,,,
LTCetc - ETC Group Physical Litecoin,ELTC AV,Wiener Borse,EUR,USD,DE000A3GN5J9,A3GN5J,111198508,BN4QCT7,,"3,966,856",6.0599,2.00%,ETC,N,"AT,CZ,DK,FI,FR,DE,IE,IT,LU,NL,NO,PL,ES,SE,CH",,,,,,,,,,,,,,,,,,,,,,,
LTCetc - ETC Group Physical Litecoin,ELTC FP,Paris,EUR,USD,DE000A3GN5J9,A3GN5J,111198508,BN0Z9V9,,"3,966,856",6.0599,2.00%,ETC,N,"AT,CZ,DK,FI,FR,DE,IE,IT,LU,NL,NO,PL,ES,SE,CH",,,,,,,,,,,,,,,,,,,,,,,
LTCetc - ETC Group Physical Litecoin,ELTC GY,Xetra,EUR,USD,DE000A3GN5J9,A3GN5J,111198508,BMW2449,,"3,966,856",6.0599,2.00%,ETC,N,"AT,CZ,DK,FI,FR,DE,IE,IT,LU,NL,NO,PL,ES,SE,CH",,,,,,,,,,,,,,,,,,,,,,,
LTCetc - ETC Group Physical Litecoin,ELTCCHF SE,SIX,CHF,USD,DE000A3GN5J9,A3GN5J,111198508,BMZ5V11,,"3,966,856",6.0599,2.00%,ETC,N,"AT,CZ,DK,FI,FR,DE,IE,IT,LU,NL,NO,PL,ES,SE,CH",,,,,,,,,,,,,,,,,,,,,,,
Purpose Enterprise Software ESG-S UCITS ETF - Accumulating,SOFT IM,Borsa Italiana,EUR,USD,IE00BMQ8YQ50,A3CT5E ,112518149,BMXR6G9,Article 8,"3,832,975",4.9141,0.59%,ETF,Y,"AT,DK,FI,FR,DE,IE,IT,LU,NL,NO,SE,GB",,,,,,,,,,,,,,,,,,,,,,,
Purpose Enterprise Software ESG-S UCITS ETF - Accumulating,SOFT LN,LSE,USD,USD,IE00BMQ8YQ50,A3CT5E ,112518149,BMBTJ68,Article 8,"3,832,975",4.9141,0.59%,ETF,Y,"AT,DK,FI,FR,DE,IE,IT,LU,NL,NO,SE,GB",,,,,,,,,,,,,,,,,,,,,,,
Purpose Enterprise Software ESG-S UCITS ETF - Accumulating,S0FT FP,Paris,EUR,USD,IE00BMQ8YQ50,A3CT5E ,112518149,BPG9N73,Article 8,"3,832,975",4.9141,0.59%,ETF,Y,"AT,DK,FI,FR,DE,IE,IT,LU,NL,NO,SE,GB",,,,,,,,,,,,,,,,,,,,,,,
Purpose Enterprise Software ESG-S UCITS ETF - Accumulating,SOFP LN,LSE,GBp,USD,IE00BMQ8YQ50,A3CT5E ,112518149,BN4MYZ5,Article 8,"3,832,975",4.9141,0.59%,ETF,Y,"AT,DK,FI,FR,DE,IE,IT,LU,NL,NO,SE,GB",,,,,,,,,,,,,,,,,,,,,,,
Purpose Enterprise Software ESG-S UCITS ETF - Accumulating,SOFT1N MF,BMV,USD,USD,IE00BMQ8YQ50,A3CT5E ,112518149,BM9F4Y1,Article 8,"3,832,975",4.9141,0.59%,ETF,Y,"AT,DK,FI,FR,DE,IE,IT,LU,NL,NO,SE,GB",,,,,,,,,,,,,,,,,,,,,,,
Purpose Enterprise Software ESG-S UCITS ETF - Accumulating,SOFT GY,Xetra,EUR,USD,IE00BMQ8YQ50,A3CT5E ,112518149,BMXR5M8,Article 8,"3,832,975",4.9141,0.59%,ETF,Y,"AT,DK,FI,FR,DE,IE,IT,LU,NL,NO,SE,GB",,,,,,,,,,,,,,,,,,,,,,,
Global Online Retail UCITS ETF - Accumulating,PBUY LN,LSE,GBp,USD,IE00BN7JGL35,A2QKWN,59389362,BNG9670,Article 8,"3,689,662",2.5802,0.69%,ETF,Y,"AT,DK,FI,FR,DE,IE,IT,LU,NL,NO,SE,CH,GB",,,,,,,,,,,,,,,,,,,,,,,
Global Online Retail UCITS ETF - Accumulating,IBUY FP,Paris,EUR,USD,IE00BN7JGL35,A2QKWN,59389362,BPG9N39,Article 8,"3,689,662",2.5802,0.69%,ETF,Y,"AT,DK,FI,FR,DE,IE,IT,LU,NL,NO,SE,CH,GB",,,,,,,,,,,,,,,,,,,,,,,
Global Online Retail UCITS ETF - Accumulating,IB0Y GY,Xetra,EUR,USD,IE00BN7JGL35,A2QKWN,59389362,BMT6499,Article 8,"3,689,662",2.5802,0.69%,ETF,Y,"AT,DK,FI,FR,DE,IE,IT,LU,NL,NO,SE,CH,GB",,,,,,,,,,,,,,,,,,,,,,,
Global Online Retail UCITS ETF - Accumulating,IBUY LN,LSE,USD,USD,IE00BN7JGL35,A2QKWN,59389362,BNG9658,Article 8,"3,689,662",2.5802,0.69%,ETF,Y,"AT,DK,FI,FR,DE,IE,IT,LU,NL,NO,SE,CH,GB",,,,,,,,,,,,,,,,,,,,,,,
Global Online Retail UCITS ETF - Accumulating,IBUY SE,SIX,CHF,USD,IE00BN7JGL35,A2QKWN,59389362,BMC7PF2,Article 8,"3,689,662",2.5802,0.69%,ETF,Y,"AT,DK,FI,FR,DE,IE,IT,LU,NL,NO,SE,CH,GB",,,,,,,,,,,,,,,,,,,,,,,
Global Online Retail UCITS ETF - Accumulating,IBUY IM,Borsa Italiana,EUR,USD,IE00BN7JGL35,A2QKWN,59389362,BMT64D3,Article 8,"3,689,662",2.5802,0.69%,ETF,Y,"AT,DK,FI,FR,DE,IE,IT,LU,NL,NO,SE,CH,GB",,,,,,,,,,,,,,,,,,,,,,,
Global Online Retail UCITS ETF - Accumulating,IBUYN MF,BMV,USD,USD,IE00BN7JGL35,A2QKWN,59389362,BMZQGD1,Article 8,"3,689,662",2.5802,0.69%,ETF,Y,"AT,DK,FI,FR,DE,IE,IT,LU,NL,NO,SE,CH,GB",,,,,,,,,,,,,,,,,,,,,,,
ETC Group Digital Assets  Blockchain Equity UCITS ETF - Accumulating,KOIN LN,LSE,USD,USD,IE00BMQ8YK98,A3CT5D ,112518685,BMBTJ46,Article 6,"3,523,127",2.4637,0.60%,ETF,Y,"AT,DK,FI,FR,DE,IE,IT,LU,NL,NO,SE,CH,GB",,,,,,,,,,,,,,,,,,,,,,,
ETC Group Digital Assets  Blockchain Equity UCITS ETF - Accumulating,KOINN MF,BMV,USD,USD,IE00BMQ8YK98,A3CT5D ,112518685,BMZQGP3,Article 6,"3,523,127",2.4637,0.60%,ETF,Y,"AT,DK,FI,FR,DE,IE,IT,LU,NL,NO,SE,CH,GB",,,,,,,,,,,,,,,,,,,,,,,
ETC Group Digital Assets  Blockchain Equity UCITS ETF - Accumulating,KO1N GY,Xetra,EUR,USD,IE00BMQ8YK98,A3CT5D ,112518685,BMXR807,Article 6,"3,523,127",2.4637,0.60%,ETF,Y,"AT,DK,FI,FR,DE,IE,IT,LU,NL,NO,SE,CH,GB",,,,,,,,,,,,,,,,,,,,,,,
ETC Group Digital Assets  Blockchain Equity UCITS ETF - Accumulating,KOIN FP,Paris,EUR,USD,IE00BMQ8YK98,A3CT5D ,112518685,BMD2GJ7,Article 6,"3,523,127",2.4637,0.60%,ETF,Y,"AT,DK,FI,FR,DE,IE,IT,LU,NL,NO,SE,CH,GB",,,,,,,,,,,,,,,,,,,,,,,
ETC Group Digital Assets  Blockchain Equity UCITS ETF - Accumulating,KOIN IM,Borsa Italiana,EUR,USD,IE00BMQ8YK98,A3CT5D ,112518685,BMXR829,Article 6,"3,523,127",2.4637,0.60%,ETF,Y,"AT,DK,FI,FR,DE,IE,IT,LU,NL,NO,SE,CH,GB",,,,,,,,,,,,,,,,,,,,,,,
ETC Group Digital Assets  Blockchain Equity UCITS ETF - Accumulating,KOIP LN,LSE,GBp,USD,IE00BMQ8YK98,A3CT5D ,112518685,BN4MYX3,Article 6,"3,523,127",2.4637,0.60%,ETF,Y,"AT,DK,FI,FR,DE,IE,IT,LU,NL,NO,SE,CH,GB",,,,,,,,,,,,,,,,,,,,,,,
ETC Group Digital Assets  Blockchain Equity UCITS ETF - Accumulating,KOIN SE,SIX,CHF,USD,IE00BMQ8YK98,A3CT5D ,112518685,BMX8DD8,Article 6,"3,523,127",2.4637,0.60%,ETF,Y,"AT,DK,FI,FR,DE,IE,IT,LU,NL,NO,SE,CH,GB",,,,,,,,,,,,,,,,,,,,,,,
Saturna Sustainable ESG Equity HANzero UCITS ETF  - Accumulating,SESP LN,LSE,GBp,USD,IE00BMGRZP89,A2QPZ9,111399101,BMGS7T9,Article 8,"3,440,634",6.6166,0.75%,ETF,Y,"AT,DK,FI,FR,DE,IE,IT,LU,NL,NO,SE,CH,GB",,,,,,,,,,,,,,,,,,,,,,,
Saturna Sustainable ESG Equity HANzero UCITS ETF  - Accumulating,SESG SE,SIX,CHF,USD,IE00BMGRZP89,A2QPZ9,111399101,BMX8DC7,Article 8,"3,440,634",6.6166,0.75%,ETF,Y,"AT,DK,FI,FR,DE,IE,IT,LU,NL,NO,SE,CH,GB",,,,,,,,,,,,,,,,,,,,,,,
Saturna Sustainable ESG Equity HANzero UCITS ETF  - Accumulating,SESG IM,Borsa Italiana,EUR,USD,IE00BMGRZP89,A2QPZ9,111399101,BMCFKG2,Article 8,"3,440,634",6.6166,0.75%,ETF,Y,"AT,DK,FI,FR,DE,IE,IT,LU,NL,NO,SE,CH,GB",,,,,,,,,,,,,,,,,,,,,,,
Saturna Sustainable ESG Equity HANzero UCITS ETF  - Accumulating,ASWN GY,Xetra,EUR,USD,IE00BMGRZP89,A2QPZ9,111399101,BMCFKJ5,Article 8,"3,440,634",6.6166,0.75%,ETF,Y,"AT,DK,FI,FR,DE,IE,IT,LU,NL,NO,SE,CH,GB",,,,,,,,,,,,,,,,,,,,,,,
Saturna Sustainable ESG Equity HANzero UCITS ETF  - Accumulating,SESG LN,LSE,USD,USD,IE00BMGRZP89,A2QPZ9,111399101,BMGS7S8,Article 8,"3,440,634",6.6166,0.75%,ETF,Y,"AT,DK,FI,FR,DE,IE,IT,LU,NL,NO,SE,CH,GB",,,,,,,,,,,,,,,,,,,,,,,
Grayscale Future of Finance UCITS ETF - Accumulating,GFOF LN,LSE,USD,USD,IE000TVPSRI1,A3DJZD,118139607,BP6LTB5,Article 6,"2,599,263",9.9970,0.70%,ETF,Y,"AT,DK,FI,FR,DE,IE,IT,LU,NL,NO,SE,GB",,,,,,,,,,,,,,,,,,,,,,,
Grayscale Future of Finance UCITS ETF - Accumulating,GFOP LN,LSE,GBP,USD,IE000TVPSRI1,A3DJZD,118139607,BP6LTD7,Article 6,"2,599,263",9.9970,0.70%,ETF,Y,"AT,DK,FI,FR,DE,IE,IT,LU,NL,NO,SE,GB",,,,,,,,,,,,,,,,,,,,,,,
Grayscale Future of Finance UCITS ETF - Accumulating,GFOF IM,Borsa Italiana,EUR,USD,IE000TVPSRI1,A3DJZD,118139607,BNDB2Y8,Article 6,"2,599,263",9.9970,0.70%,ETF,Y,"AT,DK,FI,FR,DE,IE,IT,LU,NL,NO,SE,GB",,,,,,,,,,,,,,,,,,,,,,,
Grayscale Future of Finance UCITS ETF - Accumulating,GF0F GY,Xetra,EUR,USD,IE000TVPSRI1,A3DJZD,118139607,BNDB2Z9,Article 6,"2,599,263",9.9970,0.70%,ETF,Y,"AT,DK,FI,FR,DE,IE,IT,LU,NL,NO,SE,GB",,,,,,,,,,,,,,,,,,,,,,,
Electric Vehicle Charging Infrastructure UCITS ETF - Accumulating,ELEC GY,Xetra,EUR,USD,IE000HMSHYJ6,A3DGLA ,118050845,BPCJFQ0,Article 8,"2,240,498",8.6173,0.65%,ETF,Y,"AT,DK,FI,FR,DE,IE,IT,LU,NL,NO,SE,GB",,,,,,,,,,,,,,,,,,,,,,,
Electric Vehicle Charging Infrastructure UCITS ETF - Accumulating,ELEC IM,Borsa Italiana,EUR,USD,IE000HMSHYJ6,A3DGLA ,118050845,BPCJF71,Article 8,"2,240,498",8.6173,0.65%,ETF,Y,"AT,DK,FI,FR,DE,IE,IT,LU,NL,NO,SE,GB",,,,,,,,,,,,,,,,,,,,,,,
Electric Vehicle Charging Infrastructure UCITS ETF - Accumulating,ELEC LN,LSE,USD,USD,IE000HMSHYJ6,A3DGLA ,118050845,BMD1WW9,Article 8,"2,240,498",8.6173,0.65%,ETF,Y,"AT,DK,FI,FR,DE,IE,IT,LU,NL,NO,SE,GB",,,,,,,,,,,,,,,,,,,,,,,
Electric Vehicle Charging Infrastructure UCITS ETF - Accumulating,ELEP LN,LSE,GBp,USD,IE000HMSHYJ6,A3DGLA ,118050845,BMD1WX0,Article 8,"2,240,498",8.6173,0.65%,ETF,Y,"AT,DK,FI,FR,DE,IE,IT,LU,NL,NO,SE,GB",,,,,,,,,,,,,,,,,,,,,,,
Fischer Sports Betting  iGaming UCITS ETF - Accumulating,BETSN MF,BMV,USD,USD,IE00BNTVVW33,A3CPGJ,111372663,BMZQG75,Article 8,"1,855,202",4.7569,0.69%,ETF,Y,"AT,DK,FI,FR,DE,IE,IT,LU,NL,NO,SE,CH,GB",,,,,,,,,,,,,,,,,,,,,,,
Fischer Sports Betting  iGaming UCITS ETF - Accumulating,BETZ FP,Paris,EUR,USD,IE00BNTVVW33,A3CPGJ,111372663,BPG9N62,Article 8,"1,855,202",4.7569,0.69%,ETF,Y,"AT,DK,FI,FR,DE,IE,IT,LU,NL,NO,SE,CH,GB",,,,,,,,,,,,,,,,,,,,,,,
Fischer Sports Betting  iGaming UCITS ETF - Accumulating,BETP LN,LSE,GBp,USD,IE00BNTVVW33,A3CPGJ,111372663,BMTR0S3,Article 8,"1,855,202",4.7569,0.69%,ETF,Y,"AT,DK,FI,FR,DE,IE,IT,LU,NL,NO,SE,CH,GB",,,,,,,,,,,,,,,,,,,,,,,
Fischer Sports Betting  iGaming UCITS ETF - Accumulating,BETS IM,Borsa Italiana,EUR,USD,IE00BNTVVW33,A3CPGJ,111372663,BL6KDM3,Article 8,"1,855,202",4.7569,0.69%,ETF,Y,"AT,DK,FI,FR,DE,IE,IT,LU,NL,NO,SE,CH,GB",,,,,,,,,,,,,,,,,,,,,,,
Fischer Sports Betting  iGaming UCITS ETF - Accumulating,BETS LN,LSE,USD,USD,IE00BNTVVW33,A3CPGJ,111372663,BMTR0L6,Article 8,"1,855,202",4.7569,0.69%,ETF,Y,"AT,DK,FI,FR,DE,IE,IT,LU,NL,NO,SE,CH,GB",,,,,,,,,,,,,,,,,,,,,,,
Fischer Sports Betting  iGaming UCITS ETF - Accumulating,BETS SE,SIX,CHF,USD,IE00BNTVVW33,A3CPGJ,111372663,BMX8D38,Article 8,"1,855,202",4.7569,0.69%,ETF,Y,"AT,DK,FI,FR,DE,IE,IT,LU,NL,NO,SE,CH,GB",,,,,,,,,,,,,,,,,,,,,,,
Fischer Sports Betting  iGaming UCITS ETF - Accumulating,BETS GY,Xetra,EUR,USD,IE00BNTVVW33,A3CPGJ,111372663,BL6KDN4,Article 8,"1,855,202",4.7569,0.69%,ETF,Y,"AT,DK,FI,FR,DE,IE,IT,LU,NL,NO,SE,CH,GB",,,,,,,,,,,,,,,,,,,,,,,
FMQQ Next Frontier Internet  Ecommerce ESG-S UCITS ETF - Accumulating,FMQP LN,LSE,GBp,USD,IE000WF4FCJ3,A3CY1W,113317464,BKSH8C0,Article 8,"1,263,116",4.8581,0.86%,ETF,Y,"AT,DK,FI,FR,DE,IE,IT,LU,NL,NO,SE,CH,GB",,,,,,,,,,,,,,,,,,,,,,,
FMQQ Next Frontier Internet  Ecommerce ESG-S UCITS ETF - Accumulating,FMQQ LN,LSE,USD,USD,IE000WF4FCJ3,A3CY1W,113317464,BKSH8B9,Article 8,"1,263,116",4.8581,0.86%,ETF,Y,"AT,DK,FI,FR,DE,IE,IT,LU,NL,NO,SE,CH,GB",,,,,,,,,,,,,,,,,,,,,,,
FMQQ Next Frontier Internet  Ecommerce ESG-S UCITS ETF - Accumulating,FMQQN MF,BMV,USD,USD,IE000WF4FCJ3,A3CY1W,113317464,BM9F4X0,Article 8,"1,263,116",4.8581,0.86%,ETF,Y,"AT,DK,FI,FR,DE,IE,IT,LU,NL,NO,SE,CH,GB",,,,,,,,,,,,,,,,,,,,,,,
FMQQ Next Frontier Internet  Ecommerce ESG-S UCITS ETF - Accumulating,FMQQ SE,SIX,CHF,USD,IE000WF4FCJ3,A3CY1W,113317464,BMX8DF0,Article 8,"1,263,116",4.8581,0.86%,ETF,Y,"AT,DK,FI,FR,DE,IE,IT,LU,NL,NO,SE,CH,GB",,,,,,,,,,,,,,,,,,,,,,,
FMQQ Next Frontier Internet  Ecommerce ESG-S UCITS ETF - Accumulating,XMQQ GY,Xetra,EUR,USD,IE000WF4FCJ3,A3CY1W,113317464,BN7FZV4,Article 8,"1,263,116",4.8581,0.86%,ETF,Y,"AT,DK,FI,FR,DE,IE,IT,LU,NL,NO,SE,CH,GB",,,,,,,,,,,,,,,,,,,,,,,
FMQQ Next Frontier Internet  Ecommerce ESG-S UCITS ETF - Accumulating,FMQQ IM,Borsa Italiana,EUR,USD,IE000WF4FCJ3,A3CY1W,113317464,BN7FZT2,Article 8,"1,263,116",4.8581,0.86%,ETF,Y,"AT,DK,FI,FR,DE,IE,IT,LU,NL,NO,SE,CH,GB",,,,,,,,,,,,,,,,,,,,,,,
Cleaner Living ESG-S UCITS ETF - Accumulating,DTOX IM,Borsa Italiana,EUR,USD,IE00BMFNWJ02,A3CPGK,111372665,BL6KDV2,Article 8,"747,370",5.7490,0.59%,ETF,Y,"AT,DK,FI,FR,DE,IE,IT,LU,NL,NO,SE,CH,GB",,,,,,,,,,,,,,,,,,,,,,,
Cleaner Living ESG-S UCITS ETF - Accumulating,DTOP LN,LSE,GBp,USD,IE00BMFNWJ02,A3CPGK,111372665,BMTR1B3,Article 8,"747,370",5.7490,0.59%,ETF,Y,"AT,DK,FI,FR,DE,IE,IT,LU,NL,NO,SE,CH,GB",,,,,,,,,,,,,,,,,,,,,,,
Cleaner Living ESG-S UCITS ETF - Accumulating,DTOX FP,Paris,EUR,USD,IE00BMFNWJ02,A3CPGK,111372665,BPG9ND9,Article 8,"747,370",5.7490,0.59%,ETF,Y,"AT,DK,FI,FR,DE,IE,IT,LU,NL,NO,SE,CH,GB",,,,,,,,,,,,,,,,,,,,,,,
Cleaner Living ESG-S UCITS ETF - Accumulating,DTOX GY,Xetra,EUR,USD,IE00BMFNWJ02,A3CPGK,111372665,BL6KDW3,Article 8,"747,370",5.7490,0.59%,ETF,Y,"AT,DK,FI,FR,DE,IE,IT,LU,NL,NO,SE,CH,GB",,,,,,,,,,,,,,,,,,,,,,,
Cleaner Living ESG-S UCITS ETF - Accumulating,DTOX SE,SIX,CHF,USD,IE00BMFNWJ02,A3CPGK,111372665,BMX8DB6,Article 8,"747,370",5.7490,0.59%,ETF,Y,"AT,DK,FI,FR,DE,IE,IT,LU,NL,NO,SE,CH,GB",,,,,,,,,,,,,,,,,,,,,,,
Cleaner Living ESG-S UCITS ETF - Accumulating,DTOXN MF,BMV,USD,USD,IE00BMFNWJ02,A3CPGK,111372665,BMZQGL9,Article 8,"747,370",5.7490,0.59%,ETF,Y,"AT,DK,FI,FR,DE,IE,IT,LU,NL,NO,SE,CH,GB",,,,,,,,,,,,,,,,,,,,,,,
Cleaner Living ESG-S UCITS ETF - Accumulating,DTOX LN,LSE,USD,USD,IE00BMFNWJ02,A3CPGK,111372665,BMTR146,Article 8,"747,370",5.7490,0.59%,ETF,Y,"AT,DK,FI,FR,DE,IE,IT,LU,NL,NO,SE,CH,GB",,,,,,,,,,,,,,,,,,,,,,,
SOLetc - ETC Group Physical Solana ,ESOLCHF SE,SIX,CHF,USD,DE000A3GVKZ1,A3GVKZ,115256504,BL6CFB2,,"651,579",4.4235,1.95%,ETC,N,"AT,CZ,DK,FI,FR,DE,IE,IT,LU,NL,NO,PL,ES,SE",,,,,,,,,,,,,,,,,,,,,,,
SOLetc - ETC Group Physical Solana ,ESOL SE,SIX,USD,USD,DE000A3GVKZ1,A3GVKZ,115256504,BL6CDW9,,"651,579",4.4235,1.95%,ETC,N,"AT,CZ,DK,FI,FR,DE,IE,IT,LU,NL,NO,PL,ES,SE",,,,,,,,,,,,,,,,,,,,,,,
SOLetc - ETC Group Physical Solana ,ESOM GY,Xetra,USD,USD,DE000A3GVKZ1,A3GVKZ,115256504,BN6KDG1,,"651,579",4.4235,1.95%,ETC,N,"AT,CZ,DK,FI,FR,DE,IE,IT,LU,NL,NO,PL,ES,SE",,,,,,,,,,,,,,,,,,,,,,,
SOLetc - ETC Group Physical Solana ,ESOLGBP SE,SIX,GBp,USD,DE000A3GVKZ1,A3GVKZ,115256504,BL6CF56,,"651,579",4.4235,1.95%,ETC,N,"AT,CZ,DK,FI,FR,DE,IE,IT,LU,NL,NO,PL,ES,SE",,,,,,,,,,,,,,,,,,,,,,,
SOLetc - ETC Group Physical Solana ,ESOL GY,Xetra,EUR,USD,DE000A3GVKZ1,A3GVKZ,115256504,BN473S6,,"651,579",4.4235,1.95%,ETC,N,"AT,CZ,DK,FI,FR,DE,IE,IT,LU,NL,NO,PL,ES,SE",,,,,,,,,,,,,,,,,,,,,,,
ADAetc - ETC Group Physical Cardano ,RDAM GY,Xetra,USD,USD,DE000A3GVKY4,A3GVKY,115256508,BN6KDD8,,"355,517",2.6571,1.95%,ETC,N,"AT,CZ,DK,FI,FR,DE,IE,IT,LU,NL,NO,PL,ES,SE",,,,,,,,,,,,,,,,,,,,,,,
ADAetc - ETC Group Physical Cardano ,RDAN SE,SIX,USD,USD,DE000A3GVKY4,A3GVKY,115256508,BL6CDV8,,"355,517",2.6571,1.95%,ETC,N,"AT,CZ,DK,FI,FR,DE,IE,IT,LU,NL,NO,PL,ES,SE",,,,,,,,,,,,,,,,,,,,,,,
ADAetc - ETC Group Physical Cardano ,RDANCHF SE,SIX,CHF,USD,DE000A3GVKY4,A3GVKY,115256508,BL6CF90,,"355,517",2.6571,1.95%,ETC,N,"AT,CZ,DK,FI,FR,DE,IE,IT,LU,NL,NO,PL,ES,SE",,,,,,,,,,,,,,,,,,,,,,,
ADAetc - ETC Group Physical Cardano ,RDANGBP SE,SIX,GBp,USD,DE000A3GVKY4,A3GVKY,115256508,BL6CF56,,"355,517",2.6571,1.95%,ETC,N,"AT,CZ,DK,FI,FR,DE,IE,IT,LU,NL,NO,PL,ES,SE",,,,,,,,,,,,,,,,,,,,,,,
ADAetc - ETC Group Physical Cardano ,RDAN GY,Xetra,EUR,USD,DE000A3GVKY4,A3GVKY,115256508,BN473R5,,"355,517",2.6571,1.95%,ETC,N,"AT,CZ,DK,FI,FR,DE,IE,IT,LU,NL,NO,PL,ES,SE",,,,,,,,,,,,,,,,,,,,,,,
XRPetc - ETC Group Physical Ripple,GXRQ GY,Xetra,USD,USD,DE000A3GYNB0,A3GYNB,118513061,BQ7ZVC8,,"285,495",5.6089,1.95%,ETC,N,"AT,CZ,DK,FI,FR,DE,IE,IT,LU,NL,NO,PL,ES,SE",,,,,,,,,,,,,,,,,,,,,,,
XRPetc - ETC Group Physical Ripple,GXRP SE,SIX,CHF,USD,DE000A3GYNB0,A3GYNB,118513061,BP2R401,,"285,495",5.6089,1.95%,ETC,N,"AT,CZ,DK,FI,FR,DE,IE,IT,LU,NL,NO,PL,ES,SE",,,,,,,,,,,,,,,,,,,,,,,
XRPetc - ETC Group Physical Ripple,GXRP GY,Xetra,EUR,USD,DE000A3GYNB0,A3GYNB,118513061,BQ7ZVB7,,"285,495",5.6089,1.95%,ETC,N,"AT,CZ,DK,FI,FR,DE,IE,IT,LU,NL,NO,PL,ES,SE",,,,,,,,,,,,,,,,,,,,,,,
BCHetc - Physical Bitcoin Cash ETC  ,BTCH GY,Xetra,EUR,USD,DE000A3GTBU5,A3GTBU,,BMYLH45,,"256,606",1.3946,1.95%,ETC,N,"AT,CZ,DK,FI,FR,DE,IE,IT,LU,NL,NO,PL,ES,SE",,,,,,,,,,,,,,,,,,,,,,,
BCHetc - Physical Bitcoin Cash ETC  ,BTCG GY,Xetra,EUR,USD,DE000A3GTBU5,A3GTBU,,BMFCDW7,,"256,606",1.3946,1.95%,ETC,N,"AT,CZ,DK,FI,FR,DE,IE,IT,LU,NL,NO,PL,ES,SE",,,,,,,,,,,,,,,,,,,,,,,
BCHetc - Physical Bitcoin Cash ETC  ,BTCH FP,Paris,EUR,USD,DE000A3GTBU5,A3GTBU,,BN11JD8,,"256,606",1.3946,1.95%,ETC,N,"AT,CZ,DK,FI,FR,DE,IE,IT,LU,NL,NO,PL,ES,SE",,,,,,,,,,,,,,,,,,,,,,,
BCHetc - Physical Bitcoin Cash ETC  ,BTCH NA,Amsterdam,USD,USD,DE000A3GTBU5,A3GTBU,,BN11JC7,,"256,606",1.3946,1.95%,ETC,N,"AT,CZ,DK,FI,FR,DE,IE,IT,LU,NL,NO,PL,ES,SE",,,,,,,,,,,,,,,,,,,,,,,
XLMetc - ETC Group Physical Stellar ,STLR GY,Xetra,EUR,USD,DE000A3GVK06,A3GVK0,,BN473M0,,"222,829",3.1009,1.95%,ETC,N,"AT,CZ,DK,FI,FR,DE,IE,IT,LU,NL,NO,PL,ES,SE",,,,,,,,,,,,,,,,,,,,,,,
XLMetc - ETC Group Physical Stellar ,STLS GY,Xetra,USD,USD,DE000A3GVK06,A3GVK0,,BN6KDH2,,"222,829",3.1009,1.95%,ETC,N,"AT,CZ,DK,FI,FR,DE,IE,IT,LU,NL,NO,PL,ES,SE",,,,,,,,,,,,,,,,,,,,,,,
DOTetc - ETC Group Physical Polkadot ,PLKACHF SE,SIX,CHF,USD,DE000A3GVKX6,A3GVKX,115256505,BL6CF89,,"151,563",2.3139,1.95%,ETC,N,"AT,CZ,DK,FI,FR,DE,IE,IT,LU,NL,NO,PL,ES,SE",,,,,,,,,,,,,,,,,,,,,,,
DOTetc - ETC Group Physical Polkadot ,PLKAGBP SE,SIX,GBp,USD,DE000A3GVKX6,A3GVKX,115256505,BL6CF34,,"151,563",2.3139,1.95%,ETC,N,"AT,CZ,DK,FI,FR,DE,IE,IT,LU,NL,NO,PL,ES,SE",,,,,,,,,,,,,,,,,,,,,,,
DOTetc - ETC Group Physical Polkadot ,PLKA SE,SIX,USD,USD,DE000A3GVKX6,A3GVKX,115256505,BL6CDT6,,"151,563",2.3139,1.95%,ETC,N,"AT,CZ,DK,FI,FR,DE,IE,IT,LU,NL,NO,PL,ES,SE",,,,,,,,,,,,,,,,,,,,,,,
DOTetc - ETC Group Physical Polkadot ,PLKB GY,Xetra,USD,USD,DE000A3GVKX6,A3GVKX,115256505,BN6KDF0,,"151,563",2.3139,1.95%,ETC,N,"AT,CZ,DK,FI,FR,DE,IE,IT,LU,NL,NO,PL,ES,SE",,,,,,,,,,,,,,,,,,,,,,,
DOTetc - ETC Group Physical Polkadot ,PLKA GY,Xetra,EUR,USD,DE000A3GVKX6,A3GVKX,115256505,BN473Q4,,"151,563",2.3139,1.95%,ETC,N,"AT,CZ,DK,FI,FR,DE,IE,IT,LU,NL,NO,PL,ES,SE",,,,,,,,,,,,,,,,,,,,,,,
XTZetc - ETC Group Physical Tezos ,EXTZ GY,Xetra,EUR,USD,DE000A3GVK14,A3GVK1,,BN473N1,,"150,537",1.8841,1.95%,ETC,N,"AT,CZ,DK,FI,FR,DE,IE,IT,LU,NL,NO,PL,ES,SE",,,,,,,,,,,,,,,,,,,,,,,
XTZetc - ETC Group Physical Tezos ,EXTY GY,Xetra,USD,USD,DE000A3GVK14,A3GVK1,,BN6KDJ4,,"150,537",1.8841,1.95%,ETC,N,"AT,CZ,DK,FI,FR,DE,IE,IT,LU,NL,NO,PL,ES,SE",,,,,,,,,,,,,,,,,,,,,,,
UNIetc - ETC Group Physical Uniswap,USWA GY,Xetra,EUR,USD,DE000A3GWNR0,A3GWNR,,BPCQLD0,,"107,337",9.0101,1.95%,ETC,N,"AT,CZ,DK,FI,FR,DE,IE,IT,LU,NL,NO,PL,ES,SE",,,,,,,,,,,,,,,,,,,,,,,
UNIetc - ETC Group Physical Uniswap,USWB GY,Xetra,USD,USD,DE000A3GWNR0,A3GWNR,,BPCQLM9,,"107,337",9.0101,1.95%,ETC,N,"AT,CZ,DK,FI,FR,DE,IE,IT,LU,NL,NO,PL,ES,SE",,,,,,,,,,,,,,,,,,,,,,,
MATICetc - ETC Group Physical Polygon,MTCF GY,Xetra,USD,USD,DE000A3GWNP4,A3GWNP,116602579,BPCQLQ3,,"77,716",4.5866,1.95%,ETC,N,"AT,CZ,DK,FI,FR,DE,IE,IT,LU,NL,NO,PL,ES,SE",,,,,,,,,,,,,,,,,,,,,,,
MATICetc - ETC Group Physical Polygon,MTCECHF SE,SIX,CHF,USD,DE000A3GWNP4,A3GWNP,116602579,BN4PVG4,,"77,716",4.5866,1.95%,ETC,N,"AT,CZ,DK,FI,FR,DE,IE,IT,LU,NL,NO,PL,ES,SE",,,,,,,,,,,,,,,,,,,,,,,
MATICetc - ETC Group Physical Polygon,MTCE GY,Xetra,EUR,USD,DE000A3GWNP4,A3GWNP,116602579,BPCQLK7,,"77,716",4.5866,1.95%,ETC,N,"AT,CZ,DK,FI,FR,DE,IE,IT,LU,NL,NO,PL,ES,SE",,,,,,,,,,,,,,,,,,,,,,,
MATICetc - ETC Group Physical Polygon,MTCE SE,SIX,USD,USD,DE000A3GWNP4,A3GWNP,116602579,BMZQ147,,"77,716",4.5866,1.95%,ETC,N,"AT,CZ,DK,FI,FR,DE,IE,IT,LU,NL,NO,PL,ES,SE",,,,,,,,,,,,,,,,,,,,,,,
MATICetc - ETC Group Physical Polygon,MTCEGBP SE,SIX,GBP,USD,DE000A3GWNP4,A3GWNP,116602579,BMZQ170,,"77,716",4.5866,1.95%,ETC,N,"AT,CZ,DK,FI,FR,DE,IE,IT,LU,NL,NO,PL,ES,SE",,,,,,,,,,,,,,,,,,,,,,,
MATICetc - ETC Group Physical Polygon,MTCEEUR SE,SIX,EUR,USD,DE000A3GWNP4,A3GWNP,116602579,BN4PVF3,,"77,716",4.5866,1.95%,ETC,N,"AT,CZ,DK,FI,FR,DE,IE,IT,LU,NL,NO,PL,ES,SE",,,,,,,,,,,,,,,,,,,,,,,
ATOMetc - ETC Group Physical Cosmos,ATME SE,SIX,USD,USD,DE000A3GWNQ2,A3GWNQ,116602581,BMZQ114,,"47,706",4.6959,1.95%,ETC,N,"AT,CZ,DK,FI,FR,DE,IE,IT,LU,NL,NO,PL,ES,SE",,,,,,,,,,,,,,,,,,,,,,,
ATOMetc - ETC Group Physical Cosmos,ATME GY,Xetra,EUR,USD,DE000A3GWNQ2,A3GWNQ,116602581,BPCQLF2,,"47,706",4.6959,1.95%,ETC,N,"AT,CZ,DK,FI,FR,DE,IE,IT,LU,NL,NO,PL,ES,SE",,,,,,,,,,,,,,,,,,,,,,,
ATOMetc - ETC Group Physical Cosmos,ATMEGBP SE,SIX,GBP,USD,DE000A3GWNQ2,A3GWNQ,116602581,BN4PV75,,"47,706",4.6959,1.95%,ETC,N,"AT,CZ,DK,FI,FR,DE,IE,IT,LU,NL,NO,PL,ES,SE",,,,,,,,,,,,,,,,,,,,,,,
ATOMetc - ETC Group Physical Cosmos,ATMEEUR SE,SIX,EUR,USD,DE000A3GWNQ2,A3GWNQ,116602581,BN4PV86,,"47,706",4.6959,1.95%,ETC,N,"AT,CZ,DK,FI,FR,DE,IE,IT,LU,NL,NO,PL,ES,SE",,,,,,,,,,,,,,,,,,,,,,,
ATOMetc - ETC Group Physical Cosmos,ATMECHF SE,SIX,CHF,USD,DE000A3GWNQ2,A3GWNQ,116602581,BN4PV97,,"47,706",4.6959,1.95%,ETC,N,"AT,CZ,DK,FI,FR,DE,IE,IT,LU,NL,NO,PL,ES,SE",,,,,,,,,,,,,,,,,,,,,,,
ATOMetc - ETC Group Physical Cosmos,ATMF GY,Xetra,USD,USD,DE000A3GWNQ2,A3GWNQ,116602581,BPCQLN0,,"47,706",4.6959,1.95%,ETC,N,"AT,CZ,DK,FI,FR,DE,IE,IT,LU,NL,NO,PL,ES,SE",,,,,,,,,,,,,,,,,,,,,,,
AVAXetc - ETC Group Physical Avalanche,AVALGBP SE,SIX,GBP,USD,DE000A3GWNN9,A3GWNN,116602578,BMZQ169,,"36,920",5.7643,1.95%,ETC,N,"AT,CZ,DK,FI,FR,DE,IE,IT,LU,NL,NO,PL,ES,SE",,,,,,,,,,,,,,,,,,,,,,,
AVAXetc - ETC Group Physical Avalanche,EVAM GY,Xetra,USD,USD,DE000A3GWNN9,A3GWNN,116602578,BPCQLP2,,"36,920",5.7643,1.95%,ETC,N,"AT,CZ,DK,FI,FR,DE,IE,IT,LU,NL,NO,PL,ES,SE",,,,,,,,,,,,,,,,,,,,,,,
AVAXetc - ETC Group Physical Avalanche,EVAL GY,Xetra,EUR,USD,DE000A3GWNN9,A3GWNN,116602578,BPCQLG3,,"36,920",5.7643,1.95%,ETC,N,"AT,CZ,DK,FI,FR,DE,IE,IT,LU,NL,NO,PL,ES,SE",,,,,,,,,,,,,,,,,,,,,,,
AVAXetc - ETC Group Physical Avalanche,AVAL SE,SIX,USD,USD,DE000A3GWNN9,A3GWNN,116602578,BMZQ136,,"36,920",5.7643,1.95%,ETC,N,"AT,CZ,DK,FI,FR,DE,IE,IT,LU,NL,NO,PL,ES,SE",,,,,,,,,,,,,,,,,,,,,,,
AVAXetc - ETC Group Physical Avalanche,AVALCHF SE,SIX,CHF,USD,DE000A3GWNN9,A3GWNN,116602578,BN4PVD1,,"36,920",5.7643,1.95%,ETC,N,"AT,CZ,DK,FI,FR,DE,IE,IT,LU,NL,NO,PL,ES,SE",,,,,,,,,,,,,,,,,,,,,,,
AVAXetc - ETC Group Physical Avalanche,AVALEUR SE,SIX,EUR,USD,DE000A3GWNN9,A3GWNN,116602578,BN4PVC0,,"36,920",5.7643,1.95%,ETC,N,"AT,CZ,DK,FI,FR,DE,IE,IT,LU,NL,NO,PL,ES,SE",,,,,,,,,,,,,,,,,,,,,,,
,,,,,,,,,,,,,,,,,,,,,,,,,,,,,,,,,,,,,,
"
This communication has been prepared for professional investors, but the ETCs and ETFs set out in this communication (“Products”) may be available in some jurisdictions to any investors. Please check with your broker or intermediary that the relevant Product is available in your jurisdiction and suitable for your investment profile.

Past performance is not a reliable indicator of future performance. The price of the Products may vary and they do not offer a fixed income.

This document may contain forward looking statements including statements regarding our belief or current expectations with regards to the performance of certain assets classes. Forward looking statements are subject to certain risks, uncertainties and assumptions. There can be no assurance that such statements will be accurate and actual results could differ materially from those anticipated in such statements. Therefore, readers are cautioned not to place undue reliance on these forward-looking statements.

The content of this document does not constitute an investment advice nor an offer for sale nor a solicitation of an offer to buy any Product or make any investment. An investment in an exchange traded product is dependent on the performance of the underlying asset class, less costs, but it is not expected to track that performance exactly. The Products involve numerous risks including among others, general market risks relating to underlying adverse price movements in an Index (for ETFs) or underlying asset class and currency, liquidity, operational, legal and regulatory risks. In addition, in relation to Cryptocurrency ETCs, these are highly volatile digital assets and performance is unpredictable.

The information contained on this document is not, and under no circumstances is to be construed as, an advertisement or any other step in furtherance of a public offering of securities in the United States or any province or territory thereof, where none of the Issuers (as defined below) or their Products are authorised or registered for distribution and where no prospectus of any of the Issuers has been filed with any securities commission or regulatory authority. No document or information on this document should be taken, transmitted or distributed (directly or indirectly) into the United States. None of the Issuers, nor any securities issued by it, have been or will be registered under the United States Securities Act of 1933 or the Investment Company Act of 1940 or qualified under any applicable state securities statutes.",,,,,,,,,,,,,,,,,,,,,,,,,,,,,,,,,,,,,,
"The Issuers:

1.       HANetf ICAV, an open-ended Irish collective asset management vehicle issuing under the terms in the Prospectus and relevant Supplement for the ETF approved by the Central Bank of Ireland (“CBI”) (“ETF Prospectus”), is the issuer of the ETFs. Investors should read the current version of the ETF Prospectus before investing and should refer to the section of the ETF Prospectus entitled ‘Risk Factors’ for further details of risks associated with an investment in the ETFs. Any decision to invest should be based on the information contained in the ETF Prospectus.

2.       HANetf ETC Securities plc, a public limited company incorporated in Ireland, issuing under the terms in the Base Prospectus approved by the Central Bank of Ireland and the final terms of the relevant series (“ETC Securities Documentation”), is the issuer of the precious metals ETCs. Investors should read the latest version of the ETC Securities Documentation before investing and should refer to the section of the Base Prospectus entitled ‘Risk Factors’ for further details of risks associated with an investment in the ETCs. Any decision to invest should be based on the information contained in the ETC Securities Documentation.

3.       ETC Issuance GmbH, a limited liability company incorporated under the laws of the Federal Republic of Germany, issuing under the terms in the Prospectus approved by the Bundesanstalt für Finanzdienstleistungsaufsicht (""BaFin"") and the final terms (“Cryptocurrency  Prospectus”), is the issuer of the ETCM ETCs. Investors should read the latest version of the Cryptocurrency Prospectus before investing and should refer to the section of the Cryptocurrency Prospectus entitled ‘Risk Factors’ for further details of risks associated with an investment in the ETCs contained in the Cryptocurrency Prospectus. Any decision to invest should be based on the information contained in the Cryptocurrency Prospectus.",,,,,,,,,,,,,,,,,,,,,,,,,,,,,,,,,,,,,,
"
The ETF Prospectus, ETC Securities Documentation, and Cryptocurrency Prospectus can all be downloaded from www.hanetf.com.

The decision and amount to invest in any Product should take into consideration your specific circumstances after seeking independent investment, tax and legal advice.

Communications issued in the European Economic Area (“EEA”) relating to ETFs

The content in this document is issued by HANetf Management Limited (“HML”) acting in its capacity as management company of HANetf ICAV. HML is authorised and regulated by the Central Bank of Ireland. HML is registered in Ireland with registration number 621172.

Communications issued in the European Economic Area (“EEA”) relating to ETCs

The content in this document is issued by the relevant Issuer.
								
Communications issued in the UK (ETFs and ETCs)
								
The content in this document is issued by HANetf Limited, an Appointed Representative of Privium Fund Management (UK) Limited (“Privium”), which is authorised and regulated by the Financial Conduct Authority. The registered office of Privium is The Shard, 24th Floor, 32 London Bridge Street, London, SE1 9SG.
",,,,,,,,,,,,,,,,,,,,,,,,,,,,,,,,,,,,,,
